word,kana,level,topic
仰ぐ,あおぐ,N1,動作
麻,あさ,N1,買い物
宛,あて,N1,仕事
誤る,あやまる,N1,仕事
合わせ,あわせ,N1,買い物
異議,いぎ,N1,仕事
生ける,いける,N1,趣味
意向,いこう,N1,仕事
移行,いこう,N1,仕事
営,えい,N1,社会
液,えき,N1,学校
大まか,おおまか,N1,仕事
公,おおやけ,N1,社会
おごる,おごる,N1,食べ物
納まる,おさまる,N1,家
雄,おす,N1,自然
界,かい,N1,仕事
改修,かいしゅう,N1,街
会談,かいだん,N1,社会
介抱,かいほう,N1,体
掛け,かけ,N1,家
加工,かこう,N1,仕事
河川,かせん,N1,自然
化繊,かせん,N1,買い物
片,かた,N1,体
且つ,かつ,N1,接続詞
干渉,かんしょう,N1,人
幹線,かんせん,N1,交通
街頭,がいとう,N1,社会
規格,きかく,N1,仕事
基金,ききん,N1,社会
棄権,きけん,N1,趣味
気象,きしょう,N1,自然
狂,きょう,N1,趣味
強,きょう,N1,時間
教科,きょうか,N1,学校
協会,きょうかい,N1,社会
くじ,くじ,N1,趣味
懸賞,けんしょう,N1,趣味
賢明,けんめい,N1,仕事
現行,げんこう,N1,社会
故,こ,N1,社会
好意,こうい,N1,あいさつ
好況,こうきょう,N1,仕事
抗議,こうぎ,N1,社会
講習,こうしゅう,N1,学校
高尚,こうしょう,N1,趣味
行進,こうしん,N1,趣味
向上,こうじょう,N1,仕事
抗争,こうそう,N1,社会
構想,こうそう,N1,仕事
後退,こうたい,N1,社会
口頭,こうとう,N1,仕事
好評,こうひょう,N1,買い物
公用,こうよう,N1,仕事
公立,こうりつ,N1,学校
細菌,さいきん,N1,体
採算,さいさん,N1,仕事
さらう,さらう,N1,趣味
障る,さわる,N1,体
潮,しお,N1,自然
支持,しじ,N1,社会
使命,しめい,N1,仕事
宗,しゅう,N1,社会
署,しょ,N1,社会
症,しょう,N1,体
証,しょう,N1,学校
神聖,しんせい,N1,社会
自転,じてん,N1,学校
嬢,じょう,N1,仕事
政策,せいさく,N1,社会
盛装,せいそう,N1,買い物
正当,せいとう,N1,社会
専修,せんしゅう,N1,学校
戦闘,せんとう,N1,社会
捜索,そうさく,N1,社会
具わる,そなわる,N1,仕事
そり,そり,N1,趣味
反る,そる,N1,家
丈,たけ,N1,買い物
だと,だと,N1,自然
乳,ちち,N1,自然
中傷,ちゅうしょう,N1,社会
著,ちょ,N1,趣味
造り,つくり,N1,家
つじつま,つじつま,N1,仕事
つぶる,つぶる,N1,体
天,てん,N1,自然
転回,てんかい,N1,交通
当,とう,N1,仕事
貴い,とうとい,N1,社会
どころか,どころか,N1,助詞
なんか,なんか,N1,助詞
刃,は,N1,家
派,は,N1,社会
繁栄,はんえい,N1,社会
ひび,ひび,N1,家
布巾,ふきん,N1,家
耽る,ふける,N1,趣味
老ける,ふける,N1,体
富豪,ふごう,N1,社会
負債,ふさい,N1,仕事
兵器,へいき,N1,社会
閉口,へいこう,N1,自然
法学,ほうがく,N1,学校
干し,ほし,N1,食べ物
負かす,まかす,N1,趣味
増し,まし,N1,買い物
またがる,またがる,N1,自然
まみれ,まみれ,N1,様子
未知,みち,N1,学校
斑,むら,N1,仕事
設ける,もうける,N1,仕事
腿,もも,N1,体
漏る,もる,N1,家
病む,やむ,N1,体
勇敢,ゆうかん,N1,社会
養護,ようご,N1,仕事
良心,りょうしん,N1,社会
セックス,セックス,N1,体
マイ,マイ,N1,交通
脂,あぶら,N2,食べ物
位,い,N2,趣味
幾,いく,N2,自然
緯度,いど,N2,自然
飢える,うえる,N2,社会
写る,うつる,N2,趣味
園,えん,N2,学校
貝,かい,N2,自然
快晴,かいせい,N2,自然
回転,かいてん,N2,仕事
各,かく,N2,仕事
歌謡,かよう,N2,趣味
感,かん,N2,様子
巻,かん,N2,趣味
館,かん,N2,学校
刊,かん,N2,趣味
楽器,がっき,N2,趣味
期,き,N2,仕事
機,き,N2,家
教,きょう,N2,社会
斬る,きる,N2,趣味
懸命,けんめい,N2,仕事
孝行,こうこう,N2,家
肯定,こうてい,N2,仕事
校庭,こうてい,N2,学校
再,さい,N2,体
最,さい,N2,買い物
捜す,さがす,N2,持ち物
酸性,さんせい,N2,学校
四季,しき,N2,自然
縞,しま,N2,買い物
汁,しる,N2,食べ物
重体,じゅうたい,N2,体
戦,せん,N2,趣味
専制,せんせい,N2,社会
艘,そう,N2,交通
総,そう,N2,社会
建つ,たつ,N2,街
付,つき,N2,交通
吊る,つる,N2,家
定価,ていか,N2,買い物
滴,てき,N2,体
転々,てんてん,N2,仕事
伝記,でんき,N2,趣味
捕る,とる,N2,自然
採る,とる,N2,仕事
倣う,ならう,N2,仕事
掃く,はく,N2,家
泊,はく,N2,交通
初めに,はじめに,N2,副詞
反,はん,N2,社会
非,ひ,N2,社会
費,ひ,N2,仕事
陽射し,ひざし,N2,自然
副,ふく,N2,仕事
副詞,ふくし,N2,学校
古,ふる,N2,買い物
遍,へん,N2,学校
防,ぼう,N2,社会
防止,ぼうし,N2,社会
未,み,N2,買い物
惨め,みじめ,N2,趣味
診る,みる,N2,体
問,もん,N2,学校
軟らかい,やわらかい,N2,食べ物
友好,ゆうこう,N2,社会
要旨,ようし,N2,学校
幼児,ようじ,N2,家
慶ぶ,よろこぶ,N2,あいさつ
料,りょう,N2,買い物
両,りょう,N2,体
寮,りょう,N2,学校
領,りょう,N2,社会
遭う,あう,N3,自然
悪,あく,N3,社会
明ける,あける,N3,時間
温かい,あたたかい,N3,食べ物
暖まる,あたたまる,N3,家
暖める,あたためる,N3,食べ物
当り,あたり,N3,趣味
著す,あらわす,N3,趣味
現す,あらわす,N3,様子
異,い,N3,仕事
意,い,N3,あいさつ
行き,いき,N3,交通
医師,いし,N3,体
意地,いじ,N3,人
異常,いじょう,N3,仕事
依然,いぜん,N3,様子
傷める,いためる,N3,体
衣料,いりょう,N3,買い物
討つ,うつ,N3,趣味
撃つ,うつ,N3,趣味
映す,うつす,N3,仕事
産む,うむ,N3,自然
柄,え,N3,家
王,おう,N3,社会
負う,おう,N3,仕事
贈る,おくる,N3,買い物
納める,おさめる,N3,社会
治める,おさめる,N3,社会
織る,おる,N3,仕事
恩,おん,N3,人
飼う,かう,N3,家
帰す,かえす,N3,家
替える,かえる,N3,家
代える,かえる,N3,あいさつ
換える,かえる,N3,買い物
罹る,かかる,N3,体
掻く,かく,N3,体
核,かく,N3,仕事
格,かく,N3,趣味
欠く,かく,N3,仕事
嗅ぐ,かぐ,N3,自然
賭ける,かける,N3,趣味
駆ける,かける,N3,自然
陰,かげ,N3,自然
堅い,かたい,N3,様子
勝ち,かち,N3,趣味
仮定,かてい,N3,仕事
金,かね,N3,買い物
神,かみ,N3,社会
加味,かみ,N3,仕事
革,かわ,N3,買い物
河,かわ,N3,自然
渇く,かわく,N3,体
観,かん,N3,社会
勘,かん,N3,様子
慣行,かんこう,N3,社会
刊行,かんこう,N3,仕事
感じ,かんじ,N3,人
勘定,かんじょう,N3,買い物
官僚,かんりょう,N3,社会
季刊,きかん,N3,趣味
機関,きかん,N3,仕事
器官,きかん,N3,体
起源,きげん,N3,学校
機嫌,きげん,N3,様子
機構,きこう,N3,仕事
規制,きせい,N3,交通
気体,きたい,N3,学校
球,きゅう,N3,学校
級,きゅう,N3,学校
旧,きゅう,N3,社会
急速,きゅうそく,N3,社会
丘陵,きゅうりょう,N3,自然
享受,きょうじゅ,N3,社会
切り,きり,N3,仕事
菌,きん,N3,体
近視,きんし,N3,体
金属,きんぞく,N3,仕事
汲む,くむ,N3,家
酌む,くむ,N3,食べ物
くらい,くらい,N3,様子
咥える,くわえる,N3,自然
軍,ぐん,N3,社会
群,ぐん,N3,自然
計,けい,N3,体
刑,けい,N3,社会
経緯,けいい,N3,仕事
契機,けいき,N3,仕事
計器,けいき,N3,仕事
血管,けっかん,N3,体
券,けん,N3,趣味
件,けん,N3,仕事
県,けん,N3,交通
現象,げんしょう,N3,自然
恋,こい,N3,人
講演,こうえん,N3,学校
硬貨,こうか,N3,買い物
高価,こうか,N3,買い物
航海,こうかい,N3,交通
後者,こうしゃ,N3,仕事
構成,こうせい,N3,学校
荒廃,こうはい,N3,自然
超える,こえる,N3,社会
胡椒,こしょう,N3,食べ物
越す,こす,N3,交通
際,さい,N3,趣味
策,さく,N3,仕事
柵,さく,N3,自然
昨,さく,N3,時間
裂く,さく,N3,仕事
作,さく,N3,自然
裂ける,さける,N3,買い物
射す,さす,N3,自然
挿す,さす,N3,家
注す,さす,N3,食べ物
覚ます,さます,N3,体
氏,し,N3,社会
詩,し,N3,趣味
死,し,N3,社会
四角,しかく,N3,学校
視覚,しかく,N3,体
指揮,しき,N3,仕事
舌,した,N3,体
質,しつ,N3,仕事
湿る,しめる,N3,家
週,しゅう,N3,時間
州,しゅう,N3,社会
衆,しゅう,N3,社会
章,しょう,N3,学校
賞,しょう,N3,学校
商人,しょうにん,N3,仕事
仕様,しよう,N3,仕事
新興,しんこう,N3,仕事
振興,しんこう,N3,社会
信仰,しんこう,N3,社会
申告,しんこく,N3,社会
身長,しんちょう,N3,体
磁器,じき,N3,家
直,じき,N3,時間
磁気,じき,N3,学校
自己,じこ,N3,仕事
自動,じどう,N3,街
住,じゅう,N3,社会
銃,じゅう,N3,社会
情,じょう,N3,人
上京,じょうきょう,N3,交通
巣,す,N3,自然
澄む,すむ,N3,自然
性,せい,N3,仕事
生,せい,N3,社会
所為,せい,N3,体
正,せい,N3,学校
正規,せいき,N3,仕事
精巧,せいこう,N3,趣味
精算,せいさん,N3,交通
咳,せき,N3,体
責める,せめる,N3,様子
先行,せんこう,N3,仕事
専攻,せんこう,N3,学校
前進,ぜんしん,N3,仕事
相,そう,N3,街
僧,そう,N3,社会
添う,そう,N3,仕事
捜査,そうさ,N3,社会
創造,そうぞう,N3,仕事
具える,そなえる,N3,仕事
対,たい,N3,趣味
焚く,たく,N3,家
宅,たく,N3,家
断つ,たつ,N3,人
旅,たび,N3,交通
溜まる,たまる,N3,仕事
溜める,ためる,N3,家
題,だい,N3,学校
大,だい,N3,仕事
段,だん,N3,家
地,ち,N3,社会
駐車,ちゅうしゃ,N3,交通
就く,つく,N3,仕事
接ぐ,つぐ,N3,体
継ぐ,つぐ,N3,仕事
着ける,つける,N3,仕事
摘む,つむ,N3,自然
露,つゆ,N3,自然
転校,てんこう,N3,学校
問う,とう,N3,社会
棟,とう,N3,街
塔,とう,N3,街
党,とう,N3,社会
綴じる,とじる,N3,仕事
留める,とめる,N3,仕事
仲,なか,N3,人
並,なみ,N3,食べ物
鳴らす,ならす,N3,趣味
馴らす,ならす,N3,自然
馴れる,なれる,N3,自然
覗く,のぞく,N3,動作
延ばす,のばす,N3,仕事
延びる,のびる,N3,仕事
上る,のぼる,N3,交通
載る,のる,N3,仕事
諮る,はかる,N3,仕事
量る,はかる,N3,交通
図る,はかる,N3,仕事
吐く,はく,N3,体
放す,はなす,N3,自然
放れる,はなれる,N3,仕事
原,はら,N3,自然
版,はん,N3,趣味
判,はん,N3,仕事
班,はん,N3,学校
灯,ひ,N3,街
碑,ひ,N3,街
独り,ひとり,N3,家
票,ひょう,N3,社会
秒,びょう,N3,時間
便,びん,N3,交通
福,ふく,N3,社会
経る,へる,N3,時間
誇り,ほこり,N3,仕事
補償,ほしょう,N3,社会
蒔く,まく,N3,自然
撒く,まく,N3,家
膜,まく,N3,学校
幕,まく,N3,趣味
交じる,まじる,N3,学校
交ぜる,まぜる,N3,趣味
松,まつ,N3,自然
身,み,N3,体
無視,むし,N3,交通
芽,め,N3,自然
尤も,もっとも,N3,接続詞
基,もと,N3,仕事
素,もと,N3,食べ物
約,やく,N3,副詞
役,やく,N3,仕事
野党,やとう,N3,社会
容易,ようい,N3,仕事
陽気,ようき,N3,人
因る,よる,N3,自然
例,れい,N3,学校
輪,わ,N3,趣味
枠,わく,N3,仕事
湧く,わく,N3,自然
写す,うつす,N4,学校
億,おく,N4,数
下りる,おりる,N4,交通
会,かい,N4,仕事
気,き,N4,様子
汽車,きしゃ,N4,交通
急行,きゅうこう,N4,交通
教会,きょうかい,N4,社会
子,こ,N4,家
郊外,こうがい,N4,街
校長,こうちょう,N4,学校
講堂,こうどう,N4,学校
市,し,N4,街
製,せい,N4,買い物
尋ねる,たずねる,N4,交通
立てる,たてる,N4,仕事
代,だい,N4,人
地理,ちり,N4,学校
点く,つく,N4,家
漬ける,つける,N4,食べ物
電灯,でんとう,N4,家
舟,ふね,N4,交通
赤,あか,N5,色
上げる,あげる,N5,学校
厚い,あつい,N5,学校
後,あと,N5,時間
飴,あめ,N5,食べ物
一,いち,N5,数
家庭,かてい,N5,家
九,きゅう,N5,数
警官,けいかん,N5,街
個,こ,N5,買い物
語,ご,N5,学校
五,ご,N5,数
差す,さす,N5,自然
三,さん,N5,数
締める,しめる,N5,買い物
週間,しゅうかん,N5,時間
好き,すき,N5,食べ物
背,せい,N5,体
台,だい,N5,交通
二,に,N5,数
八,はち,N5,数
晩,ばん,N5,時間
辺,へん,N5,街
屋,や,N5,買い物
易しい,やさしい,N5,学校
零,れい,N5,自然
カー,カー,N3,交通
ああ,ああ,N5,あいさつ
青,あお,N5,色
明後日,あさって,N5,時間
あちら,あちら,N5,指示
あっち,あっち,N5,指示
あなた,あなた,N5,人
危ない,あぶない,N5,交通
いい,いい,N5,自然
いいえ,いいえ,N5,あいさつ
いかが,いかが,N5,あいさつ
池,いけ,N5,自然
五日,いつか,N5,時間
一緒,いっしょ,N5,人
嫌,いや,N5,仕事
入れる,いれる,N5,持ち物
色々,いろいろ,N5,買い物
歌う,うたう,N5,趣味
ええ,ええ,N5,あいさつ
お,お,N5,あいさつ
大きな,おおきな,N5,様子
お母さん,おかあさん,N5,家
奥さん,おくさん,N5,人
お皿,おさら,N5,家
おじいさん,おじいさん,N5,家
お手洗い,おてあらい,N5,街
お父さん,おとうさん,N5,家
男の子,おとこのこ,N5,人
おととし,おととし,N5,時間
お腹,おなか,N5,体
同じ,おなじ,N5,食べ物
お兄さん,おにいさん,N5,家
お姉さん,おねえさん,N5,家
おばあさん,おばあさん,N5,家
お風呂,おふろ,N5,家
お弁当,おべんとう,N5,食べ物
おまわりさん,おまわりさん,N5,街
女の子,おんなのこ,N5,人
か月,かげつ,N5,時間
カップ,カップ,N5,家
花瓶,かびん,N5,家
がる,がる,N5,体
側,がわ,N5,位置
黄色,きいろ,N5,色
黄色い,きいろい,N5,買い物
消える,きえる,N5,家
牛肉,ぎゅうにく,N5,食べ物
兄弟,きょうだい,N5,家
嫌い,きらい,N5,食べ物
キロ,キロ,N5,買い物
下さい,ください,N5,あいさつ
曇り,くもり,N5,自然
グラム,グラム,N5,食べ物
黒,くろ,N5,色
交差点,こうさてん,N5,交通
紅茶,こうちゃ,N5,食べ物
九日,ここのか,N5,時間
こっち,こっち,N5,指示
コピーする,コピーする,N5,仕事
ころ,ころ,N5,時間
こんな,こんな,N5,指示
さあ,さあ,N5,あいさつ
先,さき,N5,位置
冊,さつ,N5,学校
さ来年,さらいねん,N5,時間
七,しち,N5,数
自動車,じどうしゃ,N5,交通
字引,じびき,N5,学校
じゃ,じゃ,N5,あいさつ
白,しろ,N5,色
吸う,すう,N5,体
すぐに,すぐに,N5,仕事
ずつ,ずつ,N5,数
ストーブ,ストーブ,N5,家
する,する,N5,学校
生徒,せいと,N5,学校
背広,せびろ,N5,買い物
ゼロ,ゼロ,N5,数
そうして,そうして,N5,接続詞
そちら,そちら,N5,指示
そっち,そっち,N5,指示
それでは,それでは,N5,接続詞
大使館,たいしかん,N5,街
大丈夫,だいじょうぶ,N5,あいさつ
大好き,だいすき,N5,食べ物
たち,たち,N5,人
たばこ,たばこ,N5,社会
誰か,だれか,N5,人
小さな,ちいさな,N5,様子
茶色,ちゃいろ,N5,色
茶碗,ちゃわん,N5,家
丁度,ちょうど,N5,時間
テープ,テープ,N5,仕事
テープレコーダー,テープレコーダー,N5,学校
度,ど,N5,自然
どうぞ,どうぞ,N5,あいさつ
どうも,どうも,N5,あいさつ
十日,とおか,N5,時間
年,とし,N5,人
どっち,どっち,N5,疑問詞
どなた,どなた,N5,疑問詞
鶏肉,とりにく,N5,食べ物
無くす,なくす,N5,持ち物
など,など,N5,買い物
七日,なのか,N5,時間
日,にち,N5,時間
温い,ぬるい,N5,食べ物
灰皿,はいざら,N5,家
葉書,はがき,N5,仕事
初め,はじめ,N5,様子
初めて,はじめて,N5,交通
二十歳,はたち,N5,人
二十日,はつか,N5,時間
晴れ,はれ,N5,自然
匹,ひき,N5,家
低い,ひくい,N5,家
一月,ひとつき,N5,時間
平仮名,ひらがな,N5,学校
フィルム,フィルム,N5,趣味
フォーク,フォーク,N5,食べ物
豚肉,ぶたにく,N5,食べ物
二日,ふつか,N5,時間
ペット,ペット,N5,家
勉強,べんきょう,N5,学校
ポケット,ポケット,N5,買い物
欲しい,ほしい,N5,買い物
ポスト,ポスト,N5,街
本棚,ほんだな,N5,家
本当,ほんとう,N5,あいさつ
枚,まい,N5,学校
毎朝,まいあさ,N5,時間
毎晩,まいばん,N5,時間
まずい,まずい,N5,食べ物
まっすぐ,まっすぐ,N5,交通
マッチ,マッチ,N5,家
万年筆,まんねんひつ,N5,持ち物
三日,みっか,N5,時間
緑,みどり,N5,色
六日,むいか,N5,時間
メートル,メートル,N5,数
もしもし,もしもし,N5,あいさつ
やる,やる,N5,家
夕飯,ゆうはん,N5,食べ物
昨夜,ゆうべ,N5,時間
ゆっくりと,ゆっくりと,N5,交通
八日,ようか,N5,時間
洋服,ようふく,N5,買い物
横,よこ,N5,位置
四日,よっか,N5,時間
レコード,レコード,N5,趣味
練習,れんしゅう,N5,学校
六,ろく,N5,数
ワイシャツ,ワイシャツ,N5,買い物
私,わたし,N5,人
悪い,わるい,N5,体
区,く,N4,街
すっと,すっと,N4,動作
ステレオ,ステレオ,N4,趣味
医学,いがく,N4,学校
テキスト,テキスト,N4,学校
僕,ぼく,N4,人
オートバイ,オートバイ,N4,交通
もし,もし,N4,副詞
大学生,だいがくせい,N4,学校
別,べつ,N4,仕事
非常に,ひじょうに,N4,副詞
お宅,おたく,N4,あいさつ
だめ,だめ,N4,社会
アフリカ,アフリカ,N4,社会
一生懸命,いっしょうけんめい,N4,仕事
今度,こんど,N4,時間
彼,かれ,N4,人
いらっしゃる,いらっしゃる,N4,仕事
大事,だいじ,N4,仕事
贈り物,おくりもの,N4,買い物
注意,ちゅうい,N4,社会
課長,かちょう,N4,仕事
ガラス,ガラス,N4,家
エスカレーター,エスカレーター,N4,街
絹,きぬ,N4,買い物
ちっとも,ちっとも,N4,副詞
中学校,ちゅうがっこう,N4,学校
ガス,ガス,N4,家
致す,いたす,N4,仕事
噛む,かむ,N4,食べ物
西洋,せいよう,N4,趣味
申し上げる,もうしあげる,N4,あいさつ
建て,だて,N4,家
動物園,どうぶつえん,N4,趣味
サンドイッチ,サンドイッチ,N4,食べ物
人形,にんぎょう,N4,家
利用,りよう,N4,社会
飾る,かざる,N4,家
いくらでも,いくらでも,N4,副詞
ビル,ビル,N4,街
けんかする,けんかする,N4,家
受ける,うける,N4,学校
そんな,そんな,N4,指示
ぶどう,ぶどう,N4,食べ物
無くなる,なくなる,N4,仕事
再来月,さらいげつ,N4,時間
林,はやし,N4,自然
パパ,パパ,N4,家
飛行場,ひこうじょう,N4,交通
柔道,じゅうどう,N4,趣味
連絡,れんらく,N4,仕事
なさる,なさる,N4,あいさつ
事,こと,N4,仕事
どんどん,どんどん,N4,副詞
美術館,びじゅつかん,N4,趣味
終わり,おわり,N4,仕事
一度,いちど,N4,数
お礼,おれい,N4,あいさつ
お祭り,おまつり,N4,社会
水道,すいどう,N4,家
ベル,ベル,N4,学校
赤ん坊,あかんぼう,N4,家
おかしい,おかしい,N4,様子
員,いん,N4,仕事
頂く,いただく,N4,あいさつ
スクリーン,スクリーン,N4,仕事
ばかり,ばかり,N4,助詞
心,こころ,N4,体
ステーキ,ステーキ,N4,食べ物
踊る,おどる,N4,趣味
ご主人,ごしゅじん,N4,人
用,よう,N4,仕事
公務員,こうむいん,N4,仕事
お嬢さん,おじょうさん,N4,人
アナウンサー,アナウンサー,N4,仕事
お土産,おみやげ,N4,買い物
海岸,かいがん,N4,自然
お祝い,おいわい,N4,あいさつ
乗り物,のりもの,N4,交通
連れる,つれる,N4,家
小鳥,ことり,N4,自然
下宿,げしゅく,N4,学校
ジャム,ジャム,N4,食べ物
はず,はず,N4,様子
楽しむ,たのしむ,N4,趣味
反対,はんたい,N4,社会
ご覧になる,ごらんになる,N4,あいさつ
よろしい,よろしい,N4,あいさつ
今夜,こんや,N4,時間
おつり,おつり,N4,買い物
チェックする,チェックする,N4,仕事
交通,こうつう,N4,交通
ワープロ,ワープロ,N4,仕事
皆,みな,N4,人
ごちそう,ごちそう,N4,食べ物
踊り,おどり,N4,趣味
亡くなる,なくなる,N4,家
差し上げる,さしあげる,N4,あいさつ
予約,よやく,N4,買い物
凄い,すごい,N4,自然
彼ら,かれら,N4,人
一杯,いっぱい,N4,数
アメリカ,アメリカ,N4,社会
男性,だんせい,N4,人
着物,きもの,N4,買い物
おもちゃ,おもちゃ,N4,家
ちゃん,ちゃん,N4,人
あんな,あんな,N4,指示
昼間,ひるま,N4,時間
女性,じょせい,N4,人
邪魔,じゃま,N4,あいさつ
隅,すみ,N4,位置
伺う,うかがう,N4,あいさつ
再来週,さらいしゅう,N4,時間
喉,のど,N4,体
毛,け,N4,買い物
サンダル,サンダル,N4,買い物
びっくりする,びっくりする,N4,様子
うまい,うまい,N4,趣味
是非,ぜひ,N4,副詞
おいでになる,おいでになる,N4,あいさつ
ハンバーグ,ハンバーグ,N4,食べ物
遊び,あそび,N4,趣味
まず,まず,N4,副詞
遠く,とおく,N4,位置
それほど,それほど,N4,副詞
まま,まま,N4,家
よると,よると,N4,社会
帰り,かえり,N4,交通
スーツ,スーツ,N4,買い物
天気予報,てんきよほう,N4,自然
彼女,かのじょ,N4,人
それで,それで,N4,接続詞
ファックス,ファックス,N4,仕事
高校生,こうこうせい,N4,学校
そんなに,そんなに,N4,副詞
昼休み,ひるやすみ,N4,仕事
訳,わけ,N4,仕事
承知,しょうち,N4,仕事
日記,にっき,N4,趣味
なるほど,なるほど,N4,あいさつ
くださる,くださる,N4,あいさつ
お子さん,おこさん,N4,人
文学,ぶんがく,N4,学校
光,ひかり,N4,自然
お見舞い,おみまい,N4,体
ご存じ,ごぞんじ,N4,あいさつ
アジア,アジア,N4,社会
あ,あ,N4,あいさつ
展覧会,てんらんかい,N4,趣味
カーテン,カーテン,N4,家
召し上がる,めしあがる,N4,あいさつ
おき,おき,N4,時間
安心,あんしん,N4,様子
数学,すうがく,N4,学校
君,きみ,N4,人
この間,このあいだ,N4,時間
格好,かっこう,N4,買い物
かまう,かまう,N4,あいさつ
拝見,はいけん,N4,あいさつ
新聞社,しんぶんしゃ,N4,仕事
いじめる,いじめる,N4,学校
おっしゃる,おっしゃる,N4,あいさつ
アクセサリー,アクセサリー,N4,買い物
向かう,むかう,N4,交通
程,ほど,N4,時間
失敗,しっぱい,N4,仕事
スーツケース,スーツケース,N4,交通
ひげ,ひげ,N4,体
研究室,けんきゅうしつ,N4,学校
紹介,しょうかい,N4,人
けれど,けれど,N4,接続詞
動く,うごく,N4,家
ついて,ついて,N4,仕事
コンサート,コンサート,N4,趣味
コンピュータ,コンピュータ,N4,仕事
水泳,すいえい,N4,趣味
参る,まいる,N4,あいさつ
もうすぐ,もうすぐ,N4,時間
研究,けんきゅう,N4,学校
この頃,このごろ,N4,時間
下げる,さげる,N4,買い物
花見,はなみ,N4,趣味
看護婦,かんごふ,N4,体
ガソリンスタンド,ガソリンスタンド,N4,交通
上がる,あがる,N4,買い物
お陰,おかげ,N4,あいさつ
湯,ゆ,N4,家
木綿,もめん,N4,買い物
タイプ,タイプ,N4,仕事
すり,すり,N4,社会
アルコール,アルコール,N4,体
ソフト,ソフト,N4,仕事
楽しみ,たのしみ,N4,趣味
電報,でんぽう,N4,仕事
家内,かない,N4,家
左右,さゆう,N3,交通
去る,さる,N3,動作
猿,さる,N3,自然
騒ぎ,さわぎ,N3,社会
参加,さんか,N3,仕事
ジーンズ,ジーンズ,N3,買い物
ジェット機,ジェットき,N3,交通
直に,じかに,N3,副詞
しかも,しかも,N3,接続詞
しきりに,しきりに,N3,副詞
刺激,しげき,N3,体
時刻,じこく,N3,時間
自殺,じさつ,N3,社会
詩人,しじん,N3,趣味
思想,しそう,N3,社会
親しい,したしい,N3,人
失業,しつぎょう,N3,社会
実現,じつげん,N3,仕事
実に,じつに,N3,副詞
失望,しつぼう,N3,様子
支店,してん,N3,仕事
品,しな,N3,買い物
支配,しはい,N3,社会
芝居,しばい,N3,趣味
芝生,しばふ,N3,自然
死亡,しぼう,N3,社会
資本,しほん,N3,仕事
姉妹,しまい,N3,家
しまった,しまった,N3,あいさつ
自慢,じまん,N3,食べ物
霜,しも,N3,自然
しゃべる,しゃべる,N3,人
宗教,しゅうきょう,N3,社会
重視,じゅうし,N3,仕事
就職,しゅうしょく,N3,仕事
集団,しゅうだん,N3,社会
集中,しゅうちゅう,N3,学校
主義,しゅぎ,N3,社会
首相,しゅしょう,N3,社会
出場,しゅつじょう,N3,趣味
出版,しゅっぱん,N3,仕事
首都,しゅと,N3,社会
主婦,しゅふ,N3,社会
主要,しゅよう,N3,交通
順,じゅん,N3,仕事
障害,しょうがい,N3,仕事
正午,しょうご,N3,時間
正直,しょうじき,N3,人
常識,じょうしき,N3,社会
少女,しょうじょ,N3,人
少々,しょうしょう,N3,あいさつ
上等,じょうとう,N3,食べ物
衝突,しょうとつ,N3,社会
少年,しょうねん,N3,人
商売,しょうばい,N3,仕事
消防,しょうぼう,N3,社会
女王,じょおう,N3,社会
職,しょく,N3,仕事
食卓,しょくたく,N3,家
食品,しょくひん,N3,食べ物
食物,しょくもつ,N3,食べ物
食料,しょくりょう,N3,食べ物
食糧,しょくりょう,N3,社会
書斎,しょさい,N3,家
女子,じょし,N3,趣味
助手,じょしゅ,N3,仕事
書物,しょもつ,N3,趣味
女優,じょゆう,N3,趣味
知らせ,しらせ,N3,仕事
尻,しり,N3,体
城,しろ,N3,街
進学,しんがく,N3,学校
神経,しんけい,N3,体
真剣,しんけん,N3,仕事
人種,じんしゅ,N3,社会
人生,じんせい,N3,社会
身体,しんたい,N3,体
審判,しんぱん,N3,趣味
親友,しんゆう,N3,人
心理,しんり,N3,学校
人類,じんるい,N3,社会
推薦,すいせん,N3,学校
スイッチ,スイッチ,N3,家
数字,すうじ,N3,仕事
末,すえ,N3,時間
姿,すがた,N3,様子
スキー,スキー,N3,趣味
スケート,スケート,N3,趣味
少しも,すこしも,N3,副詞
筋,すじ,N3,仕事
スター,スター,N3,趣味
スタイル,スタイル,N3,趣味
スタンド,スタンド,N3,家
頭痛,ずつう,N3,体
すなわち,すなわち,N3,接続詞
スピーチ,スピーチ,N3,仕事
全て,すべて,N3,副詞
墨,すみ,N3,趣味
刷る,する,N3,仕事
すれ違う,すれちがう,N3,動作
税,ぜい,N3,社会
正式,せいしき,N3,仕事
成人,せいじん,N3,社会
青年,せいねん,N3,人
生命,せいめい,N3,社会
石炭,せきたん,N3,社会
世間,せけん,N3,社会
説,せつ,N3,学校
絶対,ぜったい,N3,副詞
セット,セット,N3,買い物
愛,あい,N3,家
愛する,あいする,N3,家
アウト,アウト,N3,趣味
明かり,あかり,N3,家
飽きる,あきる,N3,食べ物
握手,あくしゅ,N3,あいさつ
悪魔,あくま,N3,趣味
汗,あせ,N3,体
当たる,あたる,N3,趣味
あちこち,あちこち,N3,位置
集まり,あつまり,N3,人
当てる,あてる,N3,学校
粗,あら,N3,仕事
嵐,あらし,N3,自然
あらゆる,あらゆる,N3,指示
現れ,あらわれ,N3,様子
アルバム,アルバム,N3,趣味
哀れ,あわれ,N3,様子
暗記,あんき,N3,学校
安定,あんてい,N3,仕事
あんなに,あんなに,N3,副詞
あんまり,あんまり,N3,副詞
委員,いいん,N3,学校
生き物,いきもの,N3,自然
いけない,いけない,N3,社会
意地悪,いじわる,N3,人
泉,いずみ,N3,自然
板,いた,N3,家
偉大,いだい,N3,社会
抱く,いだく,N3,様子
いたずら,いたずら,N3,家
痛み,いたみ,N3,体
一時,いちじ,N3,時間
いつか,いつか,N3,時間
一家,いっか,N3,家
一種,いっしゅ,N3,学校
一瞬,いっしゅん,N3,時間
一生,いっしょう,N3,社会
一体,いったい,N3,副詞
いつでも,いつでも,N3,時間
一般,いっぱん,N3,社会
いつまでも,いつまでも,N3,時間
移動,いどう,N3,動作
従兄弟,いとこ,N3,家
従姉妹,いとこ,N3,家
稲,いね,N3,自然
居眠り,いねむり,N3,交通
命,いのち,N3,社会
違反,いはん,N3,社会
衣服,いふく,N3,買い物
今に,いまに,N3,時間
否,いや,N3,あいさつ
以来,いらい,N3,時間
依頼,いらい,N3,仕事
いらいら,いらいら,N3,様子
いらっしゃい,いらっしゃい,N3,あいさつ
祝い,いわい,N3,あいさつ
言わば,いわば,N3,副詞
いわゆる,いわゆる,N3,社会
インク,インク,N3,仕事
印刷,いんさつ,N3,仕事
引退,いんたい,N3,仕事
ウイスキー,ウイスキー,N3,食べ物
うがい,うがい,N3,体
動かす,うごかす,N3,家
兎,うさぎ,N3,自然
失う,うしなう,N3,様子
うなる,うなる,N3,自然
奪う,うばう,N3,仕事
生まれ,うまれ,N3,人
梅,うめ,N3,自然
裏切る,うらぎる,N3,人
運転,うんてん,N3,交通
永遠,えいえん,N3,時間
笑顔,えがお,N3,人
餌,えさ,N3,自然
演技,えんぎ,N3,趣味
エンジン,エンジン,N3,交通
演説,えんぜつ,N3,社会
老い,おい,N3,体
王様,おうさま,N3,趣味
王子,おうじ,N3,趣味
横断,おうだん,N3,交通
終える,おえる,N3,仕事
大いに,おおいに,N3,副詞
丘,おか,N3,自然
沖,おき,N3,自然
幼い,おさない,N3,家
お辞儀,おじぎ,N3,あいさつ
お洒落,おしゃれ,N3,買い物
お喋り,おしゃべり,N3,人
恐れる,おそれる,N3,様子
お互い,おたがい,N3,人
穏やか,おだやか,N3,自然
男の人,おとこのひと,N3,人
鬼,おに,N3,社会
帯,おび,N3,買い物
お昼,おひる,N3,食べ物
溺れる,おぼれる,N3,自然
お前,おまえ,N3,人
おめでとう,おめでとう,N3,あいさつ
お目に掛かる,おめにかかる,N3,あいさつ
思わず,おもわず,N3,様子
泳ぎ,およぎ,N3,趣味
及ぼす,およぼす,N3,社会
下ろす,おろす,N3,家
降ろす,おろす,N3,交通
卸す,おろす,N3,仕事
温暖,おんだん,N3,自然
害,がい,N3,体
会計,かいけい,N3,買い物
会合,かいごう,N3,仕事
外交,がいこう,N3,社会
開始,かいし,N3,仕事
解釈,かいしゃく,N3,社会
外出,がいしゅつ,N3,仕事
画家,がか,N3,趣味
学,がく,N3,学校
額,がく,N3,買い物
学者,がくしゃ,N3,学校
学習,がくしゅう,N3,学校
確認,かくにん,N3,仕事
学問,がくもん,N3,学校
加減,かげん,N3,家
籠,かご,N3,買い物
囲む,かこむ,N3,仕事
火災,かさい,N3,社会
貸し,かし,N3,人
菓子,かし,N3,食べ物
歌手,かしゅ,N3,趣味
方々,かたがた,N3,あいさつ
刀,かたな,N3,趣味
語る,かたる,N3,人
がっかり,がっかり,N3,様子
活気,かっき,N3,街
活用,かつよう,N3,学校
悲しむ,かなしむ,N3,様子
髪の毛,かみのけ,N3,体
科目,かもく,N3,学校
かもしれない,かもしれない,N3,自然
刈る,かる,N3,家
可愛そう,かわいそう,N3,自然
可愛らしい,かわいらしい,N3,買い物
考え,かんがえ,N3,仕事
感謝,かんしゃ,N3,あいさつ
患者,かんじゃ,N3,体
完成,かんせい,N3,仕事
関連,かんれん,N3,仕事
議会,ぎかい,N3,社会
岸,きし,N3,自然
技師,ぎし,N3,仕事
帰宅,きたく,N3,家
貴重,きちょう,N3,仕事
議長,ぎちょう,N3,社会
きつい,きつい,N3,買い物
気に入る,きにいる,N3,買い物
気の毒,きのどく,N3,人
決まり,きまり,N3,仕事
奇妙,きみょう,N3,様子
キャプテン,キャプテン,N3,趣味
キャンプ,キャンプ,N3,趣味
吸収,きゅうしゅう,N3,体
器用,きよう,N3,人
競技,きょうぎ,N3,趣味
行儀,ぎょうぎ,N3,社会
強調,きょうちょう,N3,仕事
共通,きょうつう,N3,人
共同,きょうどう,N3,仕事
恐怖,きょうふ,N3,様子
局,きょく,N3,趣味
巨大,きょだい,N3,街
嫌う,きらう,N3,人
切れる,きれる,N3,家
銀,ぎん,N3,家
禁煙,きんえん,N3,社会
金銭,きんせん,N3,仕事
緊張,きんちょう,N3,様子
金融,きんゆう,N3,仕事
句,く,N3,学校
食う,くう,N3,食べ物
偶然,ぐうぜん,N3,副詞
臭い,くさい,N3,家
鎖,くさり,N3,家
癖,くせ,N3,体
管,くだ,N3,仕事
具体,ぐたい,N3,仕事
下り,くだり,N3,交通
苦痛,くつう,N3,体
ぐっすり,ぐっすり,N3,体
区別,くべつ,N3,学校
組,くみ,N3,学校
組合,くみあい,N3,仕事
悔しい,くやしい,N3,趣味
クラシック,クラシック,N3,趣味
グラス,グラス,N3,家
グランド,グランド,N3,学校
クリーム,クリーム,N3,体
繰り返す,くりかえす,N3,仕事
クリスマス,クリスマス,N3,社会
狂う,くるう,N3,家
苦しい,くるしい,N3,体
苦しむ,くるしむ,N3,体
暮れ,くれ,N3,時間
訓,くん,N3,学校
軍隊,ぐんたい,N3,社会
警告,けいこく,N3,仕事
計算,けいさん,N3,仕事
掲示,けいじ,N3,学校
刑事,けいじ,N3,社会
経由,けいゆ,N3,交通
ゲーム,ゲーム,N3,趣味
劇,げき,N3,趣味
劇場,げきじょう,N3,街
化粧,けしょう,N3,買い物
けち,けち,N3,人
血液,けつえき,N3,体
決心,けっしん,N3,仕事
欠席,けっせき,N3,学校
蹴る,ける,N3,趣味
見解,けんかい,N3,仕事
現状,げんじょう,N3,仕事
建設,けんせつ,N3,街
建築,けんちく,N3,趣味
見当,けんとう,N3,仕事
検討,けんとう,N3,仕事
憲法,けんぽう,N3,社会
豪華,ごうか,N3,食べ物
合格,ごうかく,N3,学校
光景,こうけい,N3,様子
攻撃,こうげき,N3,趣味
交際,こうさい,N3,人
高速,こうそく,N3,交通
強盗,ごうとう,N3,社会
幸福,こうふく,N3,家
候補,こうほ,N3,社会
考慮,こうりょ,N3,仕事
コーチ,コーチ,N3,趣味
ゴール,ゴール,N3,趣味
誤解,ごかい,N3,人
語学,ごがく,N3,学校
極,ごく,N3,副詞
国語,こくご,N3,学校
黒板,こくばん,N3,学校
克服,こくふく,N3,学校
国民,こくみん,N3,社会
穀物,こくもつ,N3,食べ物
腰,こし,N3,体
国家,こっか,N3,社会
国会,こっかい,N3,社会
国境,こっきょう,N3,社会
骨折,こっせつ,N3,体
異なる,ことなる,N3,仕事
諺,ことわざ,N3,学校
好み,このみ,N3,食べ物
こぼす,こぼす,N3,家
こぼれる,こぼれる,N3,家
小屋,こや,N3,自然
これら,これら,N3,指示
殺す,ころす,N3,動作
今回,こんかい,N3,時間
こんなに,こんなに,N3,副詞
困難,こんなん,N3,仕事
婚約,こんやく,N3,家
混乱,こんらん,N3,交通
財産,ざいさん,N3,社会
最終,さいしゅう,N3,交通
才能,さいのう,N3,趣味
幸い,さいわい,N3,様子
サイン,サイン,N3,仕事
境,さかい,N3,位置
逆らう,さからう,N3,動作
盛り,さかり,N3,自然
作物,さくもつ,N3,自然
桜,さくら,N3,自然
作家,さっか,N3,趣味
作曲,さっきょく,N3,趣味
ざっと,ざっと,N3,副詞
さっぱり,さっぱり,N3,体
さて,さて,N3,接続詞
砂漠,さばく,N3,自然
差別,さべつ,N3,社会
ママ,ママ,N3,家
丸,まる,N3,学校
まるで,まるで,N3,副詞
見送り,みおくり,N3,交通
密,みつ,N3,仕事
都,みやこ,N3,社会
妙,みょう,N3,様子
無,む,N3,様子
向かい,むかい,N3,位置
向ける,むける,N3,趣味
虫歯,むしば,N3,体
夢中,むちゅう,N3,趣味
明確,めいかく,N3,仕事
名人,めいじん,N3,食べ物
目上,めうえ,N3,社会
飯,めし,N3,食べ物
メモ,メモ,N3,仕事
面,めん,N3,仕事
綿,めん,N3,買い物
申し訳,もうしわけ,N3,あいさつ
毛布,もうふ,N3,家
もしかすると,もしかすると,N3,副詞
持ち上げる,もちあげる,N3,動作
用いる,もちいる,N3,仕事
基づく,もとづく,N3,仕事
物音,ものおと,N3,家
物事,ものごと,N3,仕事
訳す,やくす,N3,学校
やや,やや,N3,副詞
唯一,ゆいいつ,N3,仕事
勇気,ゆうき,N3,様子
優秀,ゆうしゅう,N3,学校
友情,ゆうじょう,N3,人
有能,ゆうのう,N3,仕事
ユーモア,ユーモア,N3,人
有利,ゆうり,N3,仕事
夜明け,よあけ,N3,時間
酔う,よう,N3,食べ物
要素,ようそ,N3,仕事
曜日,ようび,N3,時間
ヨーロッパ,ヨーロッパ,N3,社会
予期,よき,N3,仕事
横切る,よこぎる,N3,交通
止す,よす,N3,人
予測,よそく,N3,仕事
ヨット,ヨット,N3,趣味
夜中,よなか,N3,時間
世の中,よのなか,N3,社会
余分,よぶん,N3,交通
読み,よみ,N3,学校
嫁,よめ,N3,家
よろしく,よろしく,N3,あいさつ
四,よん,N3,数
来,らい,N3,時間
ライター,ライター,N3,持ち物
ラケット,ラケット,N3,趣味
理解,りかい,N3,学校
陸,りく,N3,自然
利口,りこう,N3,家
離婚,りこん,N3,家
留学,りゅうがく,N3,学校
列,れつ,N3,街
列車,れっしゃ,N3,交通
連想,れんそう,N3,様子
連続,れんぞく,N3,時間
老人,ろうじん,N3,人
ロケット,ロケット,N3,社会
論じる,ろんじる,N3,仕事
論争,ろんそう,N3,社会
ワイン,ワイン,N3,食べ物
脇,わき,N3,交通
笑い,わらい,N3,人
悪口,わるくち,N3,人
我々,われわれ,N3,人
湾,わん,N3,自然
椀,わん,N3,家
アップ,アップ,N3,仕事
宛てる,あてる,N3,仕事
医院,いいん,N3,体
怒り,いかり,N3,様子
一帯,いったい,N3,位置
異動,いどう,N3,仕事
渦,うず,N3,自然
尾,お,N3,自然
遅れ,おくれ,N3,交通
教え,おしえ,N3,学校
学歴,がくれき,N3,仕事
片付け,かたづけ,N3,家
借り,かり,N3,人
狩り,かり,N3,趣味
癌,がん,N3,体
歓声,かんせい,N3,趣味
協議,きょうぎ,N3,仕事
協調,きょうちょう,N3,仕事
苦,く,N3,人
携帯,けいたい,N3,持ち物
形態,けいたい,N3,仕事
拘束,こうそく,N3,仕事
降伏,こうふく,N3,社会
興奮,こうふん,N3,趣味
語句,ごく,N3,学校
ことによると,ことによると,N3,社会
コンテスト,コンテスト,N3,趣味
採集,さいしゅう,N3,趣味
絶滅,ぜつめつ,N3,自然
善,ぜん,N3,社会
全,ぜん,N3,仕事
全国,ぜんこく,N3,社会
先日,せんじつ,N3,あいさつ
前者,ぜんしゃ,N3,仕事
センター,センター,N3,街
全体,ぜんたい,N3,仕事
象,ぞう,N3,自然
相続,そうぞく,N3,社会
装置,そうち,N3,仕事
速度,そくど,N3,交通
そっくり,そっくり,N3,家
そっと,そっと,N3,動作
袖,そで,N3,買い物
そのうえ,そのうえ,N3,接続詞
そのまま,そのまま,N3,仕事
ソファー,ソファー,N3,家
粗末,そまつ,N3,社会
それと,それと,N3,接続詞
それとも,それとも,N3,接続詞
損害,そんがい,N3,社会
尊敬,そんけい,N3,人
尊重,そんちょう,N3,社会
田,た,N3,自然
他,た,N3,仕事
体育,たいいく,N3,学校
大会,たいかい,N3,趣味
大気,たいき,N3,自然
滞在,たいざい,N3,交通
大使,たいし,N3,社会
体重,たいじゅう,N3,体
大臣,だいじん,N3,社会
対する,たいする,N3,仕事
大戦,たいせん,N3,社会
大統領,だいとうりょう,N3,社会
大半,たいはん,N3,社会
大部分,だいぶぶん,N3,仕事
タイプライター,タイプライター,N3,仕事
逮捕,たいほ,N3,社会
ダイヤ,ダイヤ,N3,交通
代理,だいり,N3,仕事
大陸,たいりく,N3,社会
だが,だが,N3,接続詞
互い,たがい,N3,人
宝,たから,N3,家
だけど,だけど,N3,接続詞
助かる,たすかる,N3,仕事
只,ただ,N3,副詞
戦い,たたかい,N3,社会
立ち上がる,たちあがる,N3,動作
達する,たっする,N3,仕事
だって,だって,N3,接続詞
たっぷり,たっぷり,N3,副詞
谷,たに,N3,自然
束,たば,N3,買い物
たびたび,たびたび,N3,副詞
玉,たま,N3,家
弾,たま,N3,社会
騙す,だます,N3,社会
偶々,たまたま,N3,副詞
たまらない,たまらない,N3,自然
試し,ためし,N3,仕事
便り,たより,N3,人
頼る,たよる,N3,仕事
男子,だんし,N3,趣味
単純,たんじゅん,N3,仕事
ダンス,ダンス,N3,趣味
団体,だんたい,N3,社会
単なる,たんなる,N3,社会
単に,たんに,N3,副詞
地位,ちい,N3,仕事
知恵,ちえ,N3,仕事
地下,ちか,N3,街
違い,ちがい,N3,学校
違いない,ちがいない,N3,様子
近頃,ちかごろ,N3,時間
地区,ちく,N3,街
遅刻,ちこく,N3,仕事
知事,ちじ,N3,社会
父親,ちちおや,N3,家
知能,ちのう,N3,学校
地平線,ちへいせん,N3,自然
茶,ちゃ,N3,食べ物
注,ちゅう,N3,学校
中学,ちゅうがく,N3,学校
昼食,ちゅうしょく,N3,食べ物
中心,ちゅうしん,N3,街
長期,ちょうき,N3,仕事
頂上,ちょうじょう,N3,自然
ちょうだい,ちょうだい,N3,あいさつ
散らす,ちらす,N3,食べ物
通学,つうがく,N3,学校
通行,つうこう,N3,交通
通じる,つうじる,N3,交通
捕まる,つかまる,N3,社会
掴む,つかむ,N3,動作
土,つち,N3,自然
続き,つづき,N3,趣味
包み,つつみ,N3,買い物
勤め,つとめ,N3,仕事
務め,つとめ,N3,仕事
繋げる,つなげる,N3,仕事
常に,つねに,N3,副詞
翼,つばさ,N3,自然
罪,つみ,N3,社会
釣り,つり,N3,趣味
連れ,つれ,N3,人
出,で,N3,人
出会い,であい,N3,人
出会う,であう,N3,人
定期,ていき,N3,交通
抵抗,ていこう,N3,社会
停留所,ていりゅうじょ,N3,交通
デート,デート,N3,人
出来事,できごと,N3,社会
適度,てきど,N3,体
適用,てきよう,N3,社会
手品,てじな,N3,趣味
ですから,ですから,N3,接続詞
鉄,てつ,N3,仕事
哲学,てつがく,N3,学校
徹底,てってい,N3,仕事
鉄道,てつどう,N3,交通
徹夜,てつや,N3,仕事
デモ,デモ,N3,社会
典型,てんけい,N3,学校
電子,でんし,N3,仕事
テント,テント,N3,趣味
天然,てんねん,N3,自然
問い,とい,N3,学校
答案,とうあん,N3,学校
同一,どういつ,N3,仕事
銅貨,どうか,N3,趣味
動詞,どうし,N3,学校
同時,どうじ,N3,時間
どうぞよろしく,どうぞよろしく,N3,あいさつ
道徳,どうとく,N3,学校
同様,どうよう,N3,仕事
童謡,どうよう,N3,趣味
通す,とおす,N3,家
溶く,とく,N3,食べ物
退く,どく,N3,動作
毒,どく,N3,自然
独身,どくしん,N3,人
独特,どくとく,N3,食べ物
どこか,どこか,N3,位置
登山,とざん,N3,趣味
都市,とし,N3,街
年月,としつき,N3,時間
図書,としょ,N3,学校
途端,とたん,N3,時間
土地,とち,N3,社会
突然,とつぜん,N3,副詞
飛ばす,とばす,N3,学校
飛び出す,とびだす,N3,交通
友,とも,N3,人
虎,とら,N3,自然
ドライブ,ドライブ,N3,趣味
トラック,トラック,N3,交通
ドラマ,ドラマ,N3,趣味
トランプ,トランプ,N3,趣味
トレーニング,トレーニング,N3,趣味
ドレス,ドレス,N3,買い物
取れる,とれる,N3,買い物
トン,トン,N3,仕事
とんでもない,とんでもない,N3,あいさつ
どんなに,どんなに,N3,副詞
トンネル,トンネル,N3,交通
名,な,N3,人
半ば,なかば,N3,時間
流れ,ながれ,N3,自然
亡くす,なくす,N3,家
無し,なし,N3,仕事
謎,なぞ,N3,社会
納得,なっとく,N3,仕事
何か,なにか,N3,疑問詞
なにも,なにも,N3,副詞
怠ける,なまける,N3,趣味
涙,なみだ,N3,体
縄,なわ,N3,仕事
何で,なんで,N3,疑問詞
何でも,なんでも,N3,副詞
似合う,にあう,N3,買い物
日常,にちじょう,N3,学校
日中,にっちゅう,N3,時間
にっこり,にっこり,N3,人
布,ぬの,N3,買い物
濡らす,ぬらす,N3,自然
願い,ねがい,N3,人
願う,ねがう,N3,人
鼠,ねずみ,N3,自然
熱帯,ねったい,N3,自然
年間,ねんかん,N3,仕事
年中,ねんじゅう,N3,買い物
能,のう,N3,仕事
農家,のうか,N3,食べ物
農民,のうみん,N3,社会
ノー,ノー,N3,あいさつ
軒,のき,N3,家
残り,のこり,N3,仕事
乗せる,のせる,N3,交通
載せる,のせる,N3,仕事
望み,のぞみ,N3,様子
望む,のぞむ,N3,仕事
ノック,ノック,N3,あいさつ
はあ,はあ,N3,あいさつ
バイオリン,バイオリン,N3,趣味
ハイキング,ハイキング,N3,趣味
パイプ,パイプ,N3,仕事
俳優,はいゆう,N3,趣味
パイロット,パイロット,N3,仕事
生える,はえる,N3,自然
墓,はか,N3,社会
馬鹿,ばか,N3,人
博士,はかせ,N3,学校
莫大,ばくだい,N3,仕事
爆発,ばくはつ,N3,社会
博物館,はくぶつかん,N3,趣味
破産,はさん,N3,仕事
始まり,はじまり,N3,様子
パス,パス,N3,趣味
パスポート,パスポート,N3,交通
旗,はた,N3,社会
裸,はだか,N3,体
バッグ,バッグ,N3,買い物
発行,はっこう,N3,仕事
発車,はっしゃ,N3,交通
発射,はっしゃ,N3,社会
罰する,ばっする,N3,社会
母親,ははおや,N3,家
流行る,はやる,N3,趣味
反抗,はんこう,N3,家
ハンサム,ハンサム,N3,人
犯人,はんにん,N3,社会
ピクニック,ピクニック,N3,趣味
悲劇,ひげき,N3,社会
飛行,ひこう,N3,交通
非常,ひじょう,N3,社会
美人,びじん,N3,人
日付,ひづけ,N3,仕事
必死,ひっし,N3,動作
否定,ひてい,N3,社会
ビデオ,ビデオ,N3,仕事
一言,ひとこと,N3,あいさつ
人込み,ひとごみ,N3,街
一人一人,ひとりひとり,N3,人
批評,ひひょう,N3,趣味
微妙,びみょう,N3,様子
広める,ひろめる,N3,社会
ピン,ピン,N3,仕事
不,ふ,N3,仕事
風景,ふうけい,N3,自然
夫婦,ふうふ,N3,家
笛,ふえ,N3,趣味
不可,ふか,N3,社会
武器,ぶき,N3,社会
不幸,ふこう,N3,社会
節,ふし,N3,趣味
不自由,ふじゆう,N3,社会
夫人,ふじん,N3,人
婦人,ふじん,N3,買い物
不正,ふせい,N3,社会
双子,ふたご,N3,家
普段,ふだん,N3,食べ物
筆,ふで,N3,趣味
不平,ふへい,N3,仕事
増やす,ふやす,N3,仕事
殖やす,ふやす,N3,仕事
プラスチック,プラスチック,N3,家
不利,ふり,N3,仕事
ブレーキ,ブレーキ,N3,交通
触れる,ふれる,N3,趣味
文,ぶん,N3,学校
塀,へい,N3,家
ベルト,ベルト,N3,交通
ペンキ,ペンキ,N3,家
ベンチ,ベンチ,N3,街
冒険,ぼうけん,N3,趣味
宝石,ほうせき,N3,買い物
豊富,ほうふ,N3,仕事
訪問,ほうもん,N3,仕事
吠える,ほえる,N3,自然
ボーイ,ボーイ,N3,仕事
ボート,ボート,N3,趣味
ボール,ボール,N3,趣味
保存,ほぞん,N3,食べ物
仏,ほとけ,N3,社会
頬,ほほ,N3,体
微笑む,ほほえむ,N3,人
堀,ほり,N3,街
本物,ほんもの,N3,趣味
ぼんやり,ぼんやり,N3,様子
まあ,まあ,N3,あいさつ
マーケット,マーケット,N3,仕事
マイク,マイク,N3,仕事
負け,まけ,N3,趣味
まさに,まさに,N3,副詞
増す,ます,N3,自然
貧しい,まずしい,N3,社会
マスター,マスター,N3,買い物
間違い,まちがい,N3,仕事
真っ赤,まっか,N3,体
真似,まね,N3,人
裁く,さばく,N3,社会
酸化,さんか,N3,学校
字体,じたい,N3,仕事
辞退,じたい,N3,社会
視点,してん,N3,仕事
脂肪,しぼう,N3,食べ物
志望,しぼう,N3,学校
修飾,しゅうしょく,N3,学校
生涯,しょうがい,N3,社会
正体,しょうたい,N3,社会
女史,じょし,N3,社会
助詞,じょし,N3,学校
ショック,ショック,N3,様子
真理,しんり,N3,学校
水洗,すいせん,N3,家
成年,せいねん,N3,社会
声明,せいめい,N3,仕事
姓名,せいめい,N3,仕事
膳,ぜん,N3,食べ物
禅,ぜん,N3,社会
像,ぞう,N3,街
操縦,そうじゅう,N3,交通
退学,たいがく,N3,学校
タイトル,タイトル,N3,学校
ダウン,ダウン,N3,体
盾,たて,N3,社会
チャイム,チャイム,N3,学校
強まる,つよまる,N3,自然
デザイン,デザイン,N3,仕事
伝言,でんごん,N3,仕事
倒産,とうさん,N3,仕事
同士,どうし,N3,人
同志,どうし,N3,社会
動揺,どうよう,N3,様子
説く,とく,N3,仕事
供,とも,N3,人
難,なん,N3,仕事
年鑑,ねんかん,N3,学校
脳,のう,N3,体
臨む,のぞむ,N3,学校
映える,はえる,N3,自然
生やす,はやす,N3,体
非行,ひこう,N3,社会
広まる,ひろまる,N3,社会
深める,ふかめる,N3,人
保護,ほご,N3,自然
ほっと,ほっと,N3,様子
前もって,まえもって,N3,仕事
マスコミ,マスコミ,N3,社会
マッサージ,マッサージ,N3,体
見掛ける,みかける,N3,人
捲る,めくる,N3,学校
メッセージ,メッセージ,N3,仕事
優,ゆう,N3,学校
有機,ゆうき,N3,食べ物
良い,よい,N3,様子
弱める,よわめる,N3,食べ物
ラベル,ラベル,N3,仕事
現像,げんぞう,N1,趣味
原則,げんそく,N1,仕事
見地,けんち,N1,仕事
現地,げんち,N1,交通
限定,げんてい,N1,買い物
原点,げんてん,N1,仕事
原典,げんてん,N1,学校
原爆,げんばく,N1,社会
原文,げんぶん,N1,学校
厳密,げんみつ,N1,仕事
倹約,けんやく,N1,家
原油,げんゆ,N1,社会
兼用,けんよう,N1,持ち物
権力,けんりょく,N1,社会
言論,げんろん,N1,社会
恋する,こいする,N1,人
甲,こう,N1,仕事
工学,こうがく,N1,学校
合議,ごうぎ,N1,仕事
皇居,こうきょ,N1,街
高原,こうげん,N1,自然
交互,こうご,N1,交通
煌々と,こうこうと,N1,街
考古学,こうこがく,N1,学校
工作,こうさく,N1,趣味
耕作,こうさく,N1,自然
鉱山,こうざん,N1,社会
口述,こうじゅつ,N1,学校
控除,こうじょ,N1,社会
合成,ごうせい,N1,趣味
公然,こうぜん,N1,社会
光沢,こうたく,N1,買い物
公団,こうだん,N1,家
好調,こうちょう,N1,仕事
講読,こうどく,N1,学校
購読,こうどく,N1,趣味
購入,こうにゅう,N1,仕事
公認,こうにん,N1,仕事
光熱費,こうねつひ,N1,家
購買,こうばい,N1,仕事
交付,こうふ,N1,社会
公募,こうぼ,N1,社会
巧妙,こうみょう,N1,趣味
小売,こうり,N1,買い物
護衛,ごえい,N1,社会
コーナー,コーナー,N1,買い物
小柄,こがら,N1,買い物
小切手,こぎって,N1,仕事
国産,こくさん,N1,食べ物
国定,こくてい,N1,自然
告白,こくはく,N1,人
国防,こくぼう,N1,社会
国有,こくゆう,N1,社会
極楽,ごくらく,N1,趣味
国連,こくれん,N1,社会
焦げ茶,こげちゃ,N1,色
語源,ごげん,N1,学校
心地,ここち,N1,自然
心得,こころえ,N1,仕事
心掛け,こころがけ,N1,様子
志,こころざし,N1,人
志す,こころざす,N1,学校
心強い,こころづよい,N1,人
心細い,こころぼそい,N1,人
試み,こころみ,N1,仕事
試みる,こころみる,N1,仕事
快い,こころよい,N1,人
誤差,ごさ,N1,学校
ございます,ございます,N1,あいさつ
孤児,こじ,N1,社会
こじれる,こじれる,N1,仕事
梢,こずえ,N1,自然
個性,こせい,N1,人
戸籍,こせき,N1,社会
古代,こだい,N1,学校
こたつ,こたつ,N1,家
こだわる,こだわる,N1,食べ物
誇張,こちょう,N1,仕事
こつ,こつ,N1,仕事
滑稽,こっけい,N1,人
国交,こっこう,N1,社会
骨董品,こっとうひん,N1,趣味
固定,こてい,N1,家
事柄,ことがら,N1,仕事
孤独,こどく,N1,人
ことごとく,ことごとく,N1,様子
言付け,ことづけ,N1,人
殊に,ことに,N1,自然
粉々,こなごな,N1,家
好ましい,このましい,N1,仕事
碁盤,ごばん,N1,趣味
個別,こべつ,N1,学校
ごまかす,ごまかす,N1,仕事
細やか,こまやか,N1,人
コマーシャル,コマーシャル,N1,趣味
込める,こめる,N1,人
コメント,コメント,N1,仕事
籠もる,こもる,N1,仕事
固有,こゆう,N1,社会
暦,こよみ,N1,時間
凝らす,こらす,N1,趣味
ごらんなさい,ごらんなさい,N1,あいさつ
孤立,こりつ,N1,社会
懲りる,こりる,N1,様子
凝る,こる,N1,体
混血,こんけつ,N1,家
コンタクト,コンタクト,N1,体
根底,こんてい,N1,仕事
混同,こんどう,N1,社会
コントラスト,コントラスト,N1,仕事
コントロール,コントロール,N1,仕事
コンパス,コンパス,N1,学校
根本,こんぽん,N1,仕事
財,ざい,N1,社会
細工,さいく,N1,趣味
採掘,さいくつ,N1,社会
サイクル,サイクル,N1,仕事
採決,さいけつ,N1,社会
再建,さいけん,N1,街
再現,さいげん,N1,趣味
財源,ざいげん,N1,社会
再生,さいせい,N1,趣味
財政,ざいせい,N1,社会
最善,さいぜん,N1,趣味
採択,さいたく,N1,仕事
栽培,さいばい,N1,自然
再発,さいはつ,N1,体
遮る,さえぎる,N1,人
さえずる,さえずる,N1,自然
冴える,さえる,N1,体
竿,さお,N1,家
栄える,さかえる,N1,社会
差額,さがく,N1,買い物
杯,さかずき,N1,食べ物
逆立ち,さかだち,N1,趣味
さきに,さきに,N1,仕事
詐欺,さぎ,N1,社会
削減,さくげん,N1,仕事
錯誤,さくご,N1,仕事
作戦,さくせん,N1,趣味
叫び,さけび,N1,社会
捧げる,ささげる,N1,学校
差し掛かる,さしかかる,N1,仕事
指図,さしず,N1,仕事
差し支える,さしつかえる,N1,仕事
授ける,さずける,N1,学校
摩する,さする,N1,体
さぞ,さぞ,N1,あいさつ
定まる,さだまる,N1,仕事
定める,さだめる,N1,社会
座談会,ざだんかい,N1,学校
雑,ざつ,N1,買い物
雑貨,ざっか,N1,買い物
殺人,さつじん,N1,社会
察する,さっする,N1,人
雑談,ざつだん,N1,仕事
さっと,さっと,N1,食べ物
さっぱりする,さっぱりする,N1,体
悟る,さとる,N1,人
座標,ざひょう,N1,学校
さほど,さほど,N1,学校
サボる,サボる,N1,趣味
様,さま,N1,仕事
寒気,さむけ,N1,体
侍,さむらい,N1,趣味
さも,さも,N1,人
作用,さよう,N1,体
酸,さん,N1,学校
山岳,さんがく,N1,自然
参議院,さんぎいん,N1,社会
産休,さんきゅう,N1,仕事
サンキュー,サンキュー,N1,あいさつ
残金,ざんきん,N1,買い物
産後,さんご,N1,体
残酷,ざんこく,N1,趣味
産出,さんしゅつ,N1,社会
参上,さんじょう,N1,仕事
残高,ざんだか,N1,仕事
サンタクロース,サンタクロース,N1,趣味
桟橋,さんばし,N1,交通
賛美,さんび,N1,趣味
山腹,さんぷく,N1,自然
産婦人科,さんふじんか,N1,体
産物,さんぶつ,N1,買い物
山脈,さんみゃく,N1,自然
仕上がり,しあがり,N1,仕事
仕上げる,しあげる,N1,仕事
飼育,しいく,N1,学校
強いて,しいて,N1,買い物
シート,シート,N1,家
ジーパン,ジーパン,N1,買い物
仕入れる,しいれる,N1,仕事
強いる,しいる,N1,人
歯科,しか,N1,体
自我,じが,N1,人
自覚,じかく,N1,仕事
仕掛,しかけ,N1,趣味
仕掛ける,しかける,N1,家
しかしながら,しかしながら,N1,接続詞
色彩,しきさい,N1,趣味
式場,しきじょう,N1,社会
しきたり,しきたり,N1,社会
軽蔑,けいべつ,N1,人
経歴,けいれき,N1,仕事
けがらわしい,けがらわしい,N1,人
劇団,げきだん,N1,趣味
激励,げきれい,N1,仕事
ゲスト,ゲスト,N1,趣味
獣,けだもの,N1,自然
決,けつ,N1,社会
結核,けっかく,N1,体
決議,けつぎ,N1,社会
結合,けつごう,N1,仕事
月謝,げっしゃ,N1,学校
決勝,けっしょう,N1,趣味
結晶,けっしょう,N1,学校
結成,けっせい,N1,社会
結束,けっそく,N1,仕事
げっそり,げっそり,N1,体
月賦,げっぷ,N1,買い物
欠乏,けつぼう,N1,自然
蹴飛ばす,けとばす,N1,動作
けなす,けなす,N1,人
煙たい,けむたい,N1,家
煙る,けむる,N1,自然
家来,けらい,N1,趣味
下痢,げり,N1,体
権威,けんい,N1,学校
兼業,けんぎょう,N1,仕事
原形,げんけい,N1,家
原型,げんけい,N1,仕事
健在,けんざい,N1,家
原作,げんさく,N1,趣味
検事,けんじ,N1,社会
元首,げんしゅ,N1,社会
原書,げんしょ,N1,学校
健全,けんぜん,N1,社会
元素,げんそ,N1,学校
同調,どうちょう,N1,仕事
到底,とうてい,N1,仕事
動的,どうてき,N1,趣味
尊い,とうとい,N1,社会
同等,どうとう,N1,仕事
堂々,どうどう,N1,人
尊ぶ,とうとぶ,N1,社会
どうにか,どうにか,N1,仕事
投入,とうにゅう,N1,仕事
当人,とうにん,N1,仕事
同封,どうふう,N1,仕事
逃亡,とうぼう,N1,社会
冬眠,とうみん,N1,自然
同盟,どうめい,N1,社会
どうやら,どうやら,N1,自然
動力,どうりょく,N1,社会
遠ざかる,とおざかる,N1,様子
遠回り,とおまわり,N1,交通
トーン,トーン,N1,家
とかく,とかく,N1,仕事
とがめる,とがめる,N1,人
時折,ときおり,N1,時間
とぎれる,とぎれる,N1,人
研ぐ,とぐ,N1,食べ物
特技,とくぎ,N1,仕事
独裁,どくさい,N1,社会
独自,どくじ,N1,仕事
特集,とくしゅう,N1,趣味
独占,どくせん,N1,社会
独創,どくそう,N1,趣味
得点,とくてん,N1,趣味
特派,とくは,N1,社会
特有,とくゆう,N1,食べ物
とげ,とげ,N1,体
遂げる,とげる,N1,仕事
年頃,としごろ,N1,家
戸締り,とじまり,N1,家
途上,とじょう,N1,交通
土台,どだい,N1,家
途絶える,とだえる,N1,人
特許,とっきょ,N1,仕事
特権,とっけん,N1,社会
とっさに,とっさに,N1,動作
突如,とつじょ,N1,自然
とって,とって,N1,持ち物
突破,とっぱ,N1,仕事
土手,どて,N1,街
届,とどけ,N1,学校
滞る,とどこおる,N1,仕事
唱える,となえる,N1,学校
殿様,とのさま,N1,趣味
土俵,どひょう,N1,趣味
溝,どぶ,N1,街
徒歩,とほ,N1,交通
土木,どぼく,N1,街
とぼける,とぼける,N1,人
乏しい,とぼしい,N1,仕事
富,とみ,N1,社会
富む,とむ,N1,自然
共稼ぎ,ともかせぎ,N1,家
伴う,ともなう,N1,仕事
共働き,ともばたらき,N1,家
ドライ,ドライ,N1,仕事
ドライクリーニング,ドライクリーニング,N1,買い物
ドライバー,ドライバー,N1,家
ドライブイン,ドライブイン,N1,交通
トランジスター,トランジスター,N1,仕事
とりあえず,とりあえず,N1,買い物
取り扱う,とりあつかう,N1,仕事
鳥居,とりい,N1,街
取り替え,とりかえ,N1,仕事
取締り,とりしまり,N1,交通
取り締まる,とりしまる,N1,社会
取り調べる,とりしらべる,N1,社会
取り立てる,とりたてる,N1,仕事
取り次ぐ,とりつぐ,N1,仕事
取り除く,とりのぞく,N1,食べ物
取り巻く,とりまく,N1,趣味
取り混ぜる,とりまぜる,N1,趣味
取り戻す,とりもどす,N1,体
取り寄せる,とりよせる,N1,買い物
ドリル,ドリル,N1,学校
とりわけ,とりわけ,N1,自然
とろける,とろける,N1,食べ物
鈍感,どんかん,N1,体
とんだ,とんだ,N1,仕事
度忘れ,どわすれ,N1,人
問屋,とんや,N1,仕事
内閣,ないかく,N1,社会
乃至,ないし,N1,時間
内心,ないしん,N1,人
内蔵,ないぞう,N1,仕事
ナイター,ナイター,N1,趣味
内部,ないぶ,N1,仕事
内乱,ないらん,N1,社会
内陸,ないりく,N1,自然
苗,なえ,N1,自然
なおさら,なおさら,N1,交通
流し,ながし,N1,家
長々,ながなが,N1,仕事
中程,なかほど,N1,位置
渚,なぎさ,N1,自然
嘆く,なげく,N1,様子
投げ出す,なげだす,N1,仕事
仲人,なこうど,N1,社会
和やか,なごやか,N1,人
名残,なごり,N1,街
情け,なさけ,N1,人
情無い,なさけない,N1,趣味
情深い,なさけぶかい,N1,人
詰る,なじる,N1,人
名高い,なだかい,N1,仕事
雪崩,なだれ,N1,自然
懐く,なつく,N1,家
名付ける,なづける,N1,家
何気ない,なにげない,N1,人
なにとぞ,なにとぞ,N1,あいさつ
なにより,なにより,N1,人
ナプキン,ナプキン,N1,食べ物
名札,なふだ,N1,仕事
生臭い,なまぐさい,N1,食べ物
生温い,なまぬるい,N1,食べ物
生身,なまみ,N1,体
鉛,なまり,N1,学校
滑らか,なめらか,N1,学校
嘗める,なめる,N1,家
悩ましい,なやましい,N1,様子
悩ます,なやます,N1,社会
並びに,ならびに,N1,社会
成り立つ,なりたつ,N1,仕事
なるたけ,なるたけ,N1,交通
慣れ,なれ,N1,仕事
馴々しい,なれなれしい,N1,人
ナンセンス,ナンセンス,N1,社会
何だか,なんだか,N1,体
なんだかんだ,なんだかんだ,N1,時間
なんなり,なんなり,N1,あいさつ
荷,に,N1,交通
似通う,にかよう,N1,人
にきび,にきび,N1,体
賑わう,にぎわう,N1,街
憎しみ,にくしみ,N1,人
肉親,にくしん,N1,家
肉体,にくたい,N1,体
逃げ出す,にげだす,N1,家
西日,にしび,N1,家
滲む,にじむ,N1,学校
にせ物,にせもの,N1,買い物
日夜,にちや,N1,学校
鈍る,にぶる,N1,仕事
にも関わらず,にもかかわらず,N1,接続詞
ニュアンス,ニュアンス,N1,学校
ニュー,ニュー,N1,仕事
入手,にゅうしゅ,N1,仕事
入賞,にゅうしょう,N1,趣味
入浴,にゅうよく,N1,体
尿,にょう,N1,体
妊娠,にんしん,N1,体
任務,にんむ,N1,仕事
任命,にんめい,N1,仕事
抜かす,ぬかす,N1,学校
抜け出す,ぬけだす,N1,仕事
主,ぬし,N1,社会
沼,ぬま,N1,自然
音色,ねいろ,N1,趣味
値打ち,ねうち,N1,趣味
ネガ,ネガ,N1,趣味
寝かせる,ねかせる,N1,家
ねじまわし,ねじまわし,N1,家
捩れる,ねじれる,N1,家
妬む,ねたむ,N1,人
ねだる,ねだる,N1,家
熱意,ねつい,N1,仕事
熱湯,ねっとう,N1,食べ物
熱量,ねつりょう,N1,食べ物
粘り,ねばり,N1,趣味
粘る,ねばる,N1,趣味
値引き,ねびき,N1,買い物
根回し,ねまわし,N1,仕事
眠たい,ねむたい,N1,体
念,ねん,N1,仕事
年賀,ねんが,N1,社会
念願,ねんがん,N1,家
年号,ねんごう,N1,社会
燃焼,ねんしょう,N1,学校
年長,ねんちょう,N1,人
年輪,ねんりん,N1,自然
ノイローゼ,ノイローゼ,N1,体
農耕,のうこう,N1,自然
農場,のうじょう,N1,社会
農地,のうち,N1,社会
納入,のうにゅう,N1,仕事
逃す,のがす,N1,仕事
逃れる,のがれる,N1,仕事
軒並,のきなみ,N1,買い物
望ましい,のぞましい,N1,仕事
乗っ取る,のっとる,N1,仕事
のどか,のどか,N1,自然
罵る,ののしる,N1,人
延べ,のべ,N1,社会
飲み込む,のみこむ,N1,体
乗り込む,のりこむ,N1,交通
バー,バー,N1,街
把握,はあく,N1,仕事
パート,パート,N1,仕事
廃棄,はいき,N1,仕事
配給,はいきゅう,N1,社会
ばい菌,ばいきん,N1,体
配偶者,はいぐうしゃ,N1,社会
拝啓,はいけい,N1,あいさつ
背景,はいけい,N1,社会
背後,はいご,N1,位置
拝借,はいしゃく,N1,仕事
排除,はいじょ,N1,社会
賠償,ばいしょう,N1,社会
敗戦,はいせん,N1,社会
配置,はいち,N1,仕事
配布,はいふ,N1,仕事
配分,はいぶん,N1,仕事
敗北,はいぼく,N1,趣味
倍率,ばいりつ,N1,学校
配列,はいれつ,N1,仕事
破壊,はかい,N1,社会
いたわる,いたわる,N1,体
一概に,いちがいに,N1,社会
一同,いちどう,N1,仕事
一部分,いちぶぶん,N1,仕事
一別,いちべつ,N1,人
一面,いちめん,N1,人
一目,いちもく,N1,仕事
一様,いちよう,N1,社会
一律,いちりつ,N1,買い物
一連,いちれん,N1,社会
一括,いっかつ,N1,買い物
一気,いっき,N1,趣味
一挙に,いっきょに,N1,仕事
一見,いっけん,N1,様子
一切,いっさい,N1,買い物
一心,いっしん,N1,趣味
いっそ,いっそ,N1,仕事
一変,いっぺん,N1,時間
営む,いとなむ,N1,仕事
稲光,いなびかり,N1,自然
祈り,いのり,N1,社会
いびき,いびき,N1,体
未だ,いまだ,N1,仕事
嫌々,いやいや,N1,仕事
卑しい,いやしい,N1,人
いやに,いやに,N1,様子
いやらしい,いやらしい,N1,人
威力,いりょく,N1,自然
異論,いろん,N1,仕事
印鑑,いんかん,N1,社会
陰気,いんき,N1,家
隠居,いんきょ,N1,家
インターチェンジ,インターチェンジ,N1,交通
インターナショナル,インターナショナル,N1,仕事
インターフォン,インターフォン,N1,家
インテリ,インテリ,N1,社会
インフォメーション,インフォメーション,N1,交通
インフレ,インフレ,N1,社会
受かる,うかる,N1,学校
受け入れ,うけいれ,N1,仕事
受け継ぐ,うけつぐ,N1,仕事
受け付ける,うけつける,N1,仕事
受け止める,うけとめる,N1,人
受身,うけみ,N1,学校
受持ち,うけもち,N1,学校
動き,うごき,N1,仕事
嘘つき,うそつき,N1,人
うたた寝,うたたね,N1,家
打ち明ける,うちあける,N1,人
打ち切る,うちきる,N1,仕事
打ち消し,うちけし,N1,学校
打ち込む,うちこむ,N1,学校
団扇,うちわ,N1,持ち物
内訳,うちわけ,N1,仕事
写し,うつし,N1,社会
訴え,うったえ,N1,社会
うっとうしい,うっとうしい,N1,自然
うつむく,うつむく,N1,人
空ろ,うつろ,N1,人
器,うつわ,N1,食べ物
腕前,うでまえ,N1,仕事
雨天,うてん,N1,自然
うぬぼれ,うぬぼれ,N1,人
生まれつき,うまれつき,N1,人
埋め込む,うめこむ,N1,家
梅干し,うめぼし,N1,食べ物
裏返し,うらがえし,N1,買い物
売り出し,うりだし,N1,買い物
売り出す,うりだす,N1,買い物
潤う,うるおう,N1,自然
浮気,うわき,N1,人
運営,うんえい,N1,仕事
うんざり,うんざり,N1,人
運送,うんそう,N1,仕事
云々,うんぬん,N1,仕事
運搬,うんぱん,N1,仕事
運命,うんめい,N1,人
運輸,うんゆ,N1,社会
運用,うんよう,N1,社会
エアメール,エアメール,N1,仕事
英字,えいじ,N1,学校
映写,えいしゃ,N1,趣味
映像,えいぞう,N1,趣味
英雄,えいゆう,N1,趣味
閲覧,えつらん,N1,学校
獲物,えもの,N1,自然
襟,えり,N1,買い物
エレガント,エレガント,N1,買い物
円滑,えんかつ,N1,仕事
縁側,えんがわ,N1,家
沿岸,えんがん,N1,社会
婉曲,えんきょく,N1,人
演出,えんしゅつ,N1,趣味
エンジニア,エンジニア,N1,仕事
演じる,えんじる,N1,趣味
演ずる,えんずる,N1,趣味
沿線,えんせん,N1,街
縁談,えんだん,N1,人
遠方,えんぽう,N1,人
円満,えんまん,N1,人
追い込む,おいこむ,N1,趣味
追い出す,おいだす,N1,家
於いて,おいて,N1,仕事
老いる,おいる,N1,人
応急,おうきゅう,N1,体
黄金,おうごん,N1,趣味
往診,おうしん,N1,体
大方,おおかた,N1,仕事
大柄,おおがら,N1,買い物
おおげさ,おおげさ,N1,人
大筋,おおすじ,N1,仕事
大空,おおぞら,N1,自然
オートマチック,オートマチック,N1,仕事
大幅,おおはば,N1,仕事
おおまか,おおまか,N1,仕事
大水,おおみず,N1,社会
犯す,おかす,N1,仕事
侵す,おかす,N1,社会
臆病,おくびょう,N1,家
遅らす,おくらす,N1,交通
厳か,おごそか,N1,社会
行い,おこない,N1,人
収まる,おさまる,N1,家
治まる,おさまる,N1,体
お産,おさん,N1,体
押し切る,おしきる,N1,仕事
押し込む,おしこむ,N1,交通
惜しむ,おしむ,N1,仕事
押し寄せる,おしよせる,N1,買い物
御世辞,おせじ,N1,人
襲う,おそう,N1,社会
遅くとも,おそくとも,N1,時間
恐れ,おそれ,N1,仕事
恐れ入る,おそれいる,N1,あいさつ
おだてる,おだてる,N1,人
落葉,おちば,N1,自然
乙,おつ,N1,仕事
お使い,おつかい,N1,家
おっかない,おっかない,N1,人
お手上げ,おてあげ,N1,仕事
おどおど,おどおど,N1,人
脅す,おどす,N1,社会
お供,おとも,N1,仕事
同い年,おないどし,N1,人
自ずから,おのずから,N1,学校
怯える,おびえる,N1,家
おびただしい,おびただしい,N1,買い物
帯びる,おびる,N1,仕事
お袋,おふくろ,N1,家
覚え,おぼえ,N1,人
おまけ,おまけ,N1,買い物
お宮,おみや,N1,街
おむつ,おむつ,N1,家
思い付き,おもいつき,N1,仕事
赴く,おもむく,N1,仕事
重んじる,おもんじる,N1,仕事
重んずる,おもんずる,N1,仕事
親父,おやじ,N1,人
及び,および,N1,社会
折,おり,N1,時間
檻,おり,N1,趣味
オリエンテーション,オリエンテーション,N1,仕事
折り返す,おりかえす,N1,仕事
織物,おりもの,N1,買い物
俺,おれ,N1,人
愚か,おろか,N1,人
おろそか,おろそか,N1,仕事
おんぶ,おんぶ,N1,家
オンライン,オンライン,N1,仕事
温和,おんわ,N1,自然
カーペット,カーペット,N1,家
改悪,かいあく,N1,社会
海運,かいうん,N1,仕事
外貨,がいか,N1,交通
貝殻,かいがら,N1,自然
外観,がいかん,N1,街
階級,かいきゅう,N1,社会
海峡,かいきょう,N1,交通
会見,かいけん,N1,社会
開催,かいさい,N1,社会
怪獣,かいじゅう,N1,趣味
解除,かいじょ,N1,社会
外相,がいしょう,N1,社会
害する,がいする,N1,体
概説,がいせつ,N1,学校
回送,かいそう,N1,交通
階層,かいそう,N1,社会
開拓,かいたく,N1,仕事
改定,かいてい,N1,社会
改訂,かいてい,N1,学校
ガイド,ガイド,N1,趣味
街道,かいどう,N1,街
ガイドブック,ガイドブック,N1,交通
介入,かいにゅう,N1,社会
概念,がいねん,N1,学校
海抜,かいばつ,N1,自然
解剖,かいぼう,N1,学校
外来,がいらい,N1,学校
回覧,かいらん,N1,仕事
概略,がいりゃく,N1,仕事
海流,かいりゅう,N1,自然
改良,かいりょう,N1,自然
回路,かいろ,N1,学校
海路,かいろ,N1,交通
省みる,かえりみる,N1,人
顧みる,かえりみる,N1,家
顔付き,かおつき,N1,人
掲げる,かかげる,N1,仕事
かかと,かかと,N1,買い物
書き取る,かきとる,N1,学校
掻き回す,かきまわす,N1,家
学芸,がくげい,N1,学校
格差,かくさ,N1,社会
拡散,かくさん,N1,社会
学士,がくし,N1,学校
各種,かくしゅ,N1,買い物
隔週,かくしゅう,N1,仕事
確信,かくしん,N1,仕事
革新,かくしん,N1,仕事
学説,がくせつ,N1,学校
カクテル,カクテル,N1,食べ物
獲得,かくとく,N1,趣味
楽譜,がくふ,N1,趣味
確保,かくほ,N1,交通
革命,かくめい,N1,学校
賭,かけ,N1,趣味
崖,がけ,N1,自然
駆け足,かけあし,N1,交通
駆けっこ,かけっこ,N1,趣味
化合,かごう,N1,学校
かさばる,かさばる,N1,交通
かさむ,かさむ,N1,家
箇条書,かじょうがき,N1,仕事
微か,かすか,N1,様子
霞む,かすむ,N1,自然
火星,かせい,N1,自然
化石,かせき,N1,学校
過疎,かそ,N1,社会
片言,かたこと,N1,学校
傾ける,かたむける,N1,人
固める,かためる,N1,仕事
傍ら,かたわら,N1,学校
花壇,かだん,N1,家
家畜,かちく,N1,自然
がっくり,がっくり,N1,人
合唱,がっしょう,N1,趣味
がっしり,がっしり,N1,家
合致,がっち,N1,仕事
がっちり,がっちり,N1,交通
かつて,かつて,N1,街
勝手,かって,N1,仕事
活発,かっぱつ,N1,仕事
合併,がっぺい,N1,仕事
カテゴリー,カテゴリー,N1,買い物
叶える,かなえる,N1,人
金槌,かなづち,N1,家
かなわない,かなわない,N1,自然
加入,かにゅう,N1,社会
予て,かねて,N1,仕事
庇う,かばう,N1,人
株式,かぶしき,N1,仕事
かぶれる,かぶれる,N1,体
花粉,かふん,N1,自然
貨幣,かへい,N1,趣味
構える,かまえる,N1,仕事
過密,かみつ,N1,仕事
噛み切る,かみきる,N1,食べ物
カムバック,カムバック,N1,趣味
カメラマン,カメラマン,N1,仕事
粥,かゆ,N1,食べ物
体付き,からだつき,N1,体
絡む,からむ,N1,自然
かりに,かりに,N1,仕事
カルテ,カルテ,N1,体
ガレージ,ガレージ,N1,家
過労,かろう,N1,体
かろうじて,かろうじて,N1,仕事
交す,かわす,N1,人
代る代る,かわるがわる,N1,交通
簡易,かんい,N1,家
灌漑,かんがい,N1,自然
眼科,がんか,N1,体
眼球,がんきゅう,N1,学校
玩具,がんぐ,N1,買い物
簡潔,かんけつ,N1,仕事
還元,かんげん,N1,仕事
看護,かんご,N1,体
漢語,かんご,N1,学校
頑固,がんこ,N1,人
勧告,かんこく,N1,社会
換算,かんさん,N1,社会
監視,かんし,N1,社会
慣習,かんしゅう,N1,社会
観衆,かんしゅう,N1,趣味
願書,がんしょ,N1,学校
頑丈,がんじょう,N1,仕事
感触,かんしょく,N1,買い物
肝心,かんじん,N1,仕事
関税,かんぜい,N1,社会
岩石,がんせき,N1,学校
簡素,かんそ,N1,家
観点,かんてん,N1,仕事
感度,かんど,N1,仕事
カンニング,カンニング,N1,学校
元年,がんねん,N1,社会
幹部,かんぶ,N1,仕事
勘弁,かんべん,N1,あいさつ
感無量,かんむりょう,N1,人
勧誘,かんゆう,N1,社会
関与,かんよ,N1,仕事
寛容,かんよう,N1,人
元来,がんらい,N1,街
観覧,かんらん,N1,趣味
慣例,かんれい,N1,仕事
還暦,かんれき,N1,家
貫禄,かんろく,N1,人
議案,ぎあん,N1,社会
危害,きがい,N1,社会
着飾る,きかざる,N1,買い物
気兼ね,きがね,N1,人
気軽,きがる,N1,人
危機,きき,N1,仕事
聞き取り,ききとり,N1,学校
効き目,ききめ,N1,体
帰京,ききょう,N1,交通
戯曲,ぎきょく,N1,趣味
喜劇,きげき,N1,趣味
議決,ぎけつ,N1,社会
既婚,きこん,N1,社会
気障,きざ,N1,人
記載,きさい,N1,仕事
気質,きしつ,N1,人
期日,きじつ,N1,仕事
きしむ,きしむ,N1,家
議事堂,ぎじどう,N1,街
記述,きじゅつ,N1,学校
傷付く,きずつく,N1,人
傷付ける,きずつける,N1,人
犠牲,ぎせい,N1,仕事
汽船,きせん,N1,交通
寄贈,きぞう,N1,学校
偽造,ぎぞう,N1,社会
貴族,きぞく,N1,街
鍛える,きたえる,N1,体
気立て,きだて,N1,人
きちっと,きちっと,N1,仕事
几帳面,きちょうめん,N1,人
きっかり,きっかり,N1,時間
きっちり,きっちり,N1,食べ物
きっぱり,きっぱり,N1,人
規定,きてい,N1,社会
起点,きてん,N1,交通
軌道,きどう,N1,仕事
技能,ぎのう,N1,仕事
規範,きはん,N1,社会
気品,きひん,N1,人
気風,きふう,N1,社会
起伏,きふく,N1,自然
気まぐれ,きまぐれ,N1,自然
生真面目,きまじめ,N1,人
期末,きまつ,N1,学校
きまりわるい,きまりわるい,N1,人
記名,きめい,N1,社会
規約,きやく,N1,社会
脚色,きゃくしょく,N1,趣味
逆転,ぎゃくてん,N1,趣味
脚本,きゃくほん,N1,趣味
華奢,きゃしゃ,N1,家
客観,きゃっかん,N1,仕事
キャッチ,キャッチ,N1,仕事
キャリア,キャリア,N1,仕事
救援,きゅうえん,N1,社会
休学,きゅうがく,N1,学校
究極,きゅうきょく,N1,社会
窮屈,きゅうくつ,N1,交通
球根,きゅうこん,N1,自然
救済,きゅうさい,N1,社会
給仕,きゅうじ,N1,食べ物
給食,きゅうしょく,N1,学校
休戦,きゅうせん,N1,社会
宮殿,きゅうでん,N1,街
旧知,きゅうち,N1,人
窮乏,きゅうぼう,N1,社会
寄与,きよ,N1,社会
驚異,きょうい,N1,自然
共学,きょうがく,N1,学校
共感,きょうかん,N1,人
境遇,きょうぐう,N1,人
教訓,きょうくん,N1,人
強行,きょうこう,N1,趣味
強硬,きょうこう,N1,社会
凶作,きょうさく,N1,自然
業者,ぎょうしゃ,N1,仕事
教習,きょうしゅう,N1,交通
郷愁,きょうしゅう,N1,人
教職,きょうしょく,N1,仕事
興じる,きょうじる,N1,趣味
強制,きょうせい,N1,社会
行政,ぎょうせい,N1,社会
業績,ぎょうせき,N1,仕事
共存,きょうぞん,N1,社会
協定,きょうてい,N1,社会
脅迫,きょうはく,N1,社会
共鳴,きょうめい,N1,社会
郷里,きょうり,N1,家
強烈,きょうれつ,N1,人
共和,きょうわ,N1,社会
局限,きょくげん,N1,社会
極端,きょくたん,N1,人
居住,きょじゅう,N1,社会
拒絶,きょぜつ,N1,仕事
漁船,ぎょせん,N1,交通
漁村,ぎょそん,N1,街
拒否,きょひ,N1,社会
許容,きょよう,N1,仕事
清らか,きよらか,N1,自然
きらびやか,きらびやか,N1,趣味
義理,ぎり,N1,人
切替,きりかえ,N1,社会
気流,きりゅう,N1,交通
切れ目,きれめ,N1,人
疑惑,ぎわく,N1,社会
極めて,きわめて,N1,学校
近眼,きんがん,N1,体
緊急,きんきゅう,N1,仕事
近郊,きんこう,N1,家
均衡,きんこう,N1,家
勤勉,きんべん,N1,仕事
吟味,ぎんみ,N1,食べ物
禁物,きんもつ,N1,仕事
勤労,きんろう,N1,社会
クイズ,クイズ,N1,趣味
食い違う,くいちがう,N1,仕事
空間,くうかん,N1,家
空腹,くうふく,N1,体
区画,くかく,N1,社会
区間,くかん,N1,交通
茎,くき,N1,自然
区切り,くぎり,N1,仕事
くぐる,くぐる,N1,動作
くじびき,くじびき,N1,趣味
くすぐったい,くすぐったい,N1,体
愚痴,ぐち,N1,人
口吟む,くちずさむ,N1,趣味
嘴,くちばし,N1,自然
朽ちる,くちる,N1,街
覆す,くつがえす,N1,社会
くっきり,くっきり,N1,自然
屈折,くっせつ,N1,学校
ぐっと,ぐっと,N1,動作
首飾り,くびかざり,N1,買い物
首輪,くびわ,N1,家
組み込む,くみこむ,N1,仕事
組み合わせる,くみあわせる,N1,趣味
蔵,くら,N1,家
グレー,グレー,N1,色
クレーン,クレーン,N1,仕事
玄人,くろうと,N1,仕事
軍艦,ぐんかん,N1,社会
軍事,ぐんじ,N1,社会
君主,くんしゅ,N1,趣味
群集,ぐんしゅう,N1,街
軍備,ぐんび,N1,社会
軍服,ぐんぷく,N1,社会
芸,げい,N1,趣味
軽快,けいかい,N1,趣味
警戒,けいかい,N1,社会
敬具,けいぐ,N1,あいさつ
軽減,けいげん,N1,社会
掲載,けいさい,N1,趣味
傾斜,けいしゃ,N1,家
形成,けいせい,N1,人
形勢,けいせい,N1,趣味
軽率,けいそつ,N1,人
刑罰,けいばつ,N1,社会
警部,けいぶ,N1,社会
転換,てんかん,N1,体
転居,てんきょ,N1,社会
天国,てんごく,N1,趣味
天才,てんさい,N1,趣味
天災,てんさい,N1,社会
伝説,でんせつ,N1,趣味
点線,てんせん,N1,学校
転じる,てんじる,N1,人
転ずる,てんずる,N1,動作
天体,てんたい,N1,自然
伝達,でんたつ,N1,仕事
天地,てんち,N1,仕事
てんで,てんで,N1,人
転任,てんにん,N1,仕事
展望,てんぼう,N1,仕事
伝来,でんらい,N1,家
転落,てんらく,N1,社会
同意,どうい,N1,社会
動員,どういん,N1,仕事
同感,どうかん,N1,人
陶器,とうき,N1,買い物
討議,とうぎ,N1,仕事
動機,どうき,N1,仕事
等級,とうきゅう,N1,買い物
同級,どうきゅう,N1,人
同居,どうきょ,N1,家
登校,とうこう,N1,学校
統合,とうごう,N1,仕事
動向,どうこう,N1,仕事
同情,どうじょう,N1,人
道場,どうじょう,N1,趣味
統制,とうせい,N1,社会
当選,とうせん,N1,趣味
逃走,とうそう,N1,社会
統率,とうそつ,N1,社会
到達,とうたつ,N1,仕事
統治,とうち,N1,学校
仕切る,しきる,N1,家
軸,じく,N1,交通
しくじる,しくじる,N1,趣味
死刑,しけい,N1,社会
湿気る,しける,N1,食べ物
施行,しこう,N1,社会
思考,しこう,N1,学校
志向,しこう,N1,買い物
嗜好,しこう,N1,食べ物
事項,じこう,N1,仕事
地獄,じごく,N1,自然
自在,じざい,N1,仕事
視察,しさつ,N1,仕事
資産,しさん,N1,仕事
自主,じしゅ,N1,趣味
自首,じしゅ,N1,社会
刺繍,ししゅう,N1,趣味
辞職,じしょく,N1,仕事
雫,しずく,N1,自然
沈める,しずめる,N1,体
事前,じぜん,N1,仕事
子息,しそく,N1,人
持続,じぞく,N1,体
自尊心,じそんしん,N1,人
慕う,したう,N1,学校
下心,したごころ,N1,人
下地,したじ,N1,学校
親しむ,したしむ,N1,学校
下調べ,したしらべ,N1,交通
愛想,あいそう,N1,買い物
間柄,あいだがら,N1,人
合間,あいま,N1,仕事
敢えて,あえて,N1,仕事
垢,あか,N1,体
明かす,あかす,N1,人
赤らむ,あからむ,N1,体
上がり,あがり,N1,仕事
アクセル,アクセル,N1,交通
あくどい,あくどい,N1,仕事
顎,あご,N1,体
憧れ,あこがれ,N1,仕事
あざ,あざ,N1,体
浅ましい,あさましい,N1,人
欺く,あざむく,N1,仕事
鮮やか,あざやか,N1,趣味
嘲笑う,あざわらう,N1,人
悪しからず,あしからず,N1,あいさつ
味わい,あじわい,N1,食べ物
値,あたい,N1,学校
値する,あたいする,N1,仕事
悪化,あっか,N1,体
扱い,あつかい,N1,仕事
呆気ない,あっけない,N1,趣味
あっさり,あっさり,N1,食べ物
斡旋,あっせん,N1,仕事
圧倒,あっとう,N1,趣味
圧迫,あっぱく,N1,体
あつらえる,あつらえる,N1,買い物
圧力,あつりょく,N1,仕事
当て,あて,N1,仕事
当て字,あてじ,N1,学校
跡継ぎ,あとつぎ,N1,仕事
後回し,あとまわし,N1,仕事
油絵,あぶらえ,N1,趣味
アプローチ,アプローチ,N1,仕事
あべこべ,あべこべ,N1,仕事
甘える,あまえる,N1,家
雨具,あまぐ,N1,持ち物
甘口,あまくち,N1,食べ物
アマチュア,アマチュア,N1,趣味
網,あみ,N1,自然
操る,あやつる,N1,仕事
危ぶむ,あやぶむ,N1,仕事
あやふや,あやふや,N1,仕事
過ち,あやまち,N1,人
歩み,あゆみ,N1,仕事
歩む,あゆむ,N1,人
予め,あらかじめ,N1,仕事
荒らす,あらす,N1,自然
争い,あらそい,N1,人
改まる,あらたまる,N1,時間
荒っぽい,あらっぽい,N1,仕事
アラブ,アラブ,N1,社会
霰,あられ,N1,自然
有り様,ありさま,N1,社会
ありのまま,ありのまま,N1,人
ありふれる,ありふれる,N1,人
アルカリ,アルカリ,N1,学校
アルミ,アルミ,N1,家
アワー,アワー,N1,交通
合わす,あわす,N1,社会
アンコール,アンコール,N1,趣味
暗殺,あんさつ,N1,社会
暗算,あんざん,N1,学校
暗示,あんじ,N1,趣味
案じる,あんじる,N1,家
安静,あんせい,N1,体
案の定,あんのじょう,N1,自然
いい加減,いいかげん,N1,仕事
言い訳,いいわけ,N1,人
家出,いえで,N1,家
生かす,いかす,N1,仕事
いかに,いかに,N1,仕事
いかにも,いかにも,N1,買い物
生き甲斐,いきがい,N1,仕事
行き違い,いきちがい,N1,仕事
意気込む,いきごむ,N1,趣味
幾多,いくた,N1,人
いざ,いざ,N1,社会
移住,いじゅう,N1,社会
衣装,いしょう,N1,趣味
いじる,いじる,N1,仕事
異性,いせい,N1,人
遺跡,いせき,N1,街
いたって,いたって,N1,体
出世,しゅっせ,N1,仕事
出題,しゅつだい,N1,学校
出動,しゅつどう,N1,社会
出費,しゅっぴ,N1,家
出品,しゅっぴん,N1,趣味
主導,しゅどう,N1,仕事
主任,しゅにん,N1,仕事
首脳,しゅのう,N1,社会
守備,しゅび,N1,趣味
手法,しゅほう,N1,仕事
樹木,じゅもく,N1,自然
樹立,じゅりつ,N1,趣味
準急,じゅんきゅう,N1,交通
準じる,じゅんじる,N1,仕事
上位,じょうい,N1,趣味
上演,じょうえん,N1,趣味
城下,じょうか,N1,街
消去,しょうきょ,N1,仕事
上空,じょうくう,N1,自然
衝撃,しょうげき,N1,人
証言,しょうげん,N1,社会
照合,しょうごう,N1,仕事
詳細,しょうさい,N1,仕事
称する,しょうする,N1,社会
情勢,じょうせい,N1,社会
消息,しょうそく,N1,人
承諾,しょうだく,N1,仕事
情緒,じょうちょ,N1,街
象徴,しょうちょう,N1,社会
小児科,しょうにか,N1,体
使用人,しようにん,N1,家
情熱,じょうねつ,N1,仕事
譲歩,じょうほ,N1,仕事
条約,じょうやく,N1,社会
勝利,しょうり,N1,趣味
上陸,じょうりく,N1,自然
蒸溜,じょうりゅう,N1,学校
奨励,しょうれい,N1,学校
ショー,ショー,N1,趣味
除外,じょがい,N1,買い物
職員,しょくいん,N1,仕事
植民地,しょくみんち,N1,学校
職務,しょくむ,N1,仕事
諸君,しょくん,N1,あいさつ
助言,じょげん,N1,仕事
徐行,じょこう,N1,交通
所在,しょざい,N1,交通
所持,しょじ,N1,社会
所属,しょぞく,N1,仕事
処置,しょち,N1,体
しょっちゅう,しょっちゅう,N1,人
所定,しょてい,N1,社会
所得,しょとく,N1,社会
処罰,しょばつ,N1,社会
初版,しょはん,N1,趣味
書評,しょひょう,N1,趣味
処分,しょぶん,N1,家
庶民,しょみん,N1,社会
庶務,しょむ,N1,仕事
所有,しょゆう,N1,社会
調べ,しらべ,N1,仕事
自立,じりつ,N1,家
記す,しるす,N1,仕事
指令,しれい,N1,仕事
陣,じん,N1,趣味
人格,じんかく,N1,学校
審議,しんぎ,N1,社会
新婚,しんこん,N1,家
人材,じんざい,N1,仕事
紳士,しんし,N1,人
信者,しんじゃ,N1,社会
真珠,しんじゅ,N1,買い物
進出,しんしゅつ,N1,仕事
心情,しんじょう,N1,人
親善,しんぜん,N1,趣味
真相,しんそう,N1,社会
迅速,じんそく,N1,仕事
人体,じんたい,N1,学校
新築,しんちく,N1,家
心中,しんじゅう,N1,趣味
進呈,しんてい,N1,仕事
進展,しんてん,N1,仕事
神殿,しんでん,N1,街
進度,しんど,N1,学校
振動,しんどう,N1,仕事
新入生,しんにゅうせい,N1,学校
信任,しんにん,N1,仕事
神秘,しんぴ,N1,自然
人民,じんみん,N1,社会
侵略,しんりゃく,N1,学校
診療,しんりょう,N1,体
粋,すい,N1,仕事
水源,すいげん,N1,自然
吹奏,すいそう,N1,趣味
水田,すいでん,N1,自然
推理,すいり,N1,趣味
数詞,すうし,N1,学校
崇拝,すうはい,N1,人
据え付ける,すえつける,N1,家
据える,すえる,N1,家
すがすがしい,すがすがしい,N1,自然
救い,すくい,N1,人
健やか,すこやか,N1,家
濯ぐ,すすぐ,N1,家
進み,すすみ,N1,仕事
裾,すそ,N1,買い物
スタジオ,スタジオ,N1,仕事
スチーム,スチーム,N1,家
ストライキ,ストライキ,N1,社会
スト,スト,N1,社会
ストロー,ストロー,N1,食べ物
ストロボ,ストロボ,N1,趣味
すばしこい,すばしこい,N1,趣味
素早い,すばやい,N1,仕事
ずばり,ずばり,N1,仕事
スプリング,スプリング,N1,家
ずぶぬれ,ずぶぬれ,N1,自然
スポーツカー,スポーツカー,N1,交通
澄ます,すます,N1,動作
済ます,すます,N1,食べ物
すみやか,すみやか,N1,社会
スラックス,スラックス,N1,買い物
ずらっと,ずらっと,N1,買い物
ずるずる,ずるずる,N1,仕事
すれちがい,すれちがい,N1,人
擦れる,すれる,N1,体
すんなり,すんなり,N1,仕事
生育,せいいく,N1,自然
成育,せいいく,N1,自然
正義,せいぎ,N1,社会
生計,せいけい,N1,家
政権,せいけん,N1,社会
星座,せいざ,N1,自然
制裁,せいさい,N1,社会
生死,せいし,N1,社会
静止,せいし,N1,仕事
誠実,せいじつ,N1,人
成熟,せいじゅく,N1,自然
青春,せいしゅん,N1,人
清純,せいじゅん,N1,趣味
制する,せいする,N1,人
整然,せいぜん,N1,社会
盛大,せいだい,N1,社会
清濁,せいだく,N1,人
制定,せいてい,N1,社会
静的,せいてき,N1,趣味
製鉄,せいてつ,N1,仕事
制服,せいふく,N1,買い物
征服,せいふく,N1,趣味
製法,せいほう,N1,食べ物
税務署,ぜいむしょ,N1,社会
制約,せいやく,N1,仕事
勢力,せいりょく,N1,自然
整列,せいれつ,N1,学校
急かす,せかす,N1,人
伜,せがれ,N1,家
責務,せきむ,N1,仕事
セクション,セクション,N1,仕事
世辞,せじ,N1,人
世帯,せたい,N1,社会
是正,ぜせい,N1,社会
切開,せっかい,N1,体
切実,せつじつ,N1,社会
接触,せっしょく,N1,体
接続詞,せつぞくし,N1,学校
設置,せっち,N1,社会
折衷,せっちゅう,N1,仕事
説得,せっとく,N1,仕事
切ない,せつない,N1,人
絶版,ぜっぱん,N1,趣味
設立,せつりつ,N1,仕事
攻め,せめ,N1,趣味
ゼリー,ゼリー,N1,食べ物
セレモニー,セレモニー,N1,社会
世論,せろん,N1,社会
繊維,せんい,N1,食べ物
全快,ぜんかい,N1,体
宣教,せんきょう,N1,社会
宣言,せんげん,N1,社会
戦災,せんさい,N1,社会
戦術,せんじゅつ,N1,趣味
センス,センス,N1,趣味
潜水,せんすい,N1,趣味
全盛,ぜんせい,N1,社会
先代,せんだい,N1,仕事
先だって,せんだって,N1,人
先着,せんちゃく,N1,買い物
先天的,せんてんてき,N1,体
前途,ぜんと,N1,人
潜入,せんにゅう,N1,社会
船舶,せんぱく,N1,交通
全滅,ぜんめつ,N1,自然
専用,せんよう,N1,仕事
占領,せんりょう,N1,社会
善良,ぜんりょう,N1,人
戦力,せんりょく,N1,趣味
前例,ぜんれい,N1,仕事
相応,そうおう,N1,仕事
総会,そうかい,N1,仕事
創刊,そうかん,N1,趣味
雑木,ぞうき,N1,自然
早急,そうきゅう,N1,仕事
増強,ぞうきょう,N1,仕事
送金,そうきん,N1,仕事
走行,そうこう,N1,交通
総合,そうごう,N1,学校
蔵相,ぞうしょう,N1,社会
装飾,そうしょく,N1,家
増進,ぞうしん,N1,体
相対,そうたい,N1,学校
壮大,そうだい,N1,自然
騒動,そうどう,N1,社会
遭難,そうなん,N1,社会
相場,そうば,N1,社会
装備,そうび,N1,趣味
創立,そうりつ,N1,仕事
添える,そえる,N1,人
ソース,ソース,N1,仕事
即座に,そくざに,N1,仕事
即する,そくする,N1,仕事
束縛,そくばく,N1,仕事
側面,そくめん,N1,仕事
損う,そこなう,N1,体
そこら,そこら,N1,位置
素材,そざい,N1,食べ物
阻止,そし,N1,社会
訴訟,そしょう,N1,社会
育ち,そだち,N1,人
措置,そち,N1,社会
ソックス,ソックス,N1,買い物
素っ気無い,そっけない,N1,人
外方,そっぽ,N1,人
備え付ける,そなえつける,N1,家
備わる,そなわる,N1,家
聳える,そびえる,N1,自然
素朴,そぼく,N1,食べ物
背く,そむく,N1,人
染まる,そまる,N1,自然
染める,そめる,N1,趣味
そらす,そらす,N1,人
それゆえ,それゆえ,N1,接続詞
ソロ,ソロ,N1,趣味
揃い,そろい,N1,家
ぞんざい,ぞんざい,N1,人
存続,そんぞく,N1,社会
ダース,ダース,N1,買い物
退化,たいか,N1,学校
大概,たいがい,N1,仕事
体格,たいかく,N1,体
大金,たいきん,N1,仕事
対決,たいけつ,N1,趣味
対抗,たいこう,N1,仕事
退治,たいじ,N1,家
大衆,たいしゅう,N1,趣味
対処,たいしょ,N1,仕事
題する,だいする,N1,趣味
対談,たいだん,N1,趣味
対等,たいとう,N1,仕事
台無し,だいなし,N1,趣味
滞納,たいのう,N1,家
対比,たいひ,N1,仕事
タイピスト,タイピスト,N1,仕事
大部,たいぶ,N1,仕事
大便,だいべん,N1,体
代弁,だいべん,N1,仕事
待望,たいぼう,N1,買い物
台本,だいほん,N1,趣味
タイマー,タイマー,N1,家
怠慢,たいまん,N1,仕事
タイミング,タイミング,N1,仕事
タイム,タイム,N1,趣味
タイムリー,タイムリー,N1,仕事
対面,たいめん,N1,人
代用,だいよう,N1,食べ物
タイル,タイル,N1,家
対話,たいわ,N1,社会
耐える,たえる,N1,体
絶える,たえる,N1,街
断える,たえる,N1,人
打開,だかい,N1,仕事
焚火,たきび,N1,趣味
たくましい,たくましい,N1,体
巧み,たくみ,N1,人
打撃,だげき,N1,仕事
妥結,だけつ,N1,仕事
駄作,ださく,N1,趣味
足し算,たしざん,N1,学校
多数決,たすうけつ,N1,社会
助け,たすけ,N1,人
携わる,たずさわる,N1,仕事
漂う,ただよう,N1,食べ物
立ち去る,たちさる,N1,人
立ち寄る,たちよる,N1,街
抱っこ,だっこ,N1,家
達者,たっしゃ,N1,人
脱出,だっしゅつ,N1,社会
脱する,だっする,N1,仕事
脱退,だったい,N1,社会
だったら,だったら,N1,接続詞
立て替える,たてかえる,N1,買い物
建前,たてまえ,N1,人
奉る,たてまつる,N1,社会
他動詞,たどうし,N1,学校
辿り着く,たどりつく,N1,交通
辿る,たどる,N1,仕事
束ねる,たばねる,N1,家
だぶだぶ,だぶだぶ,N1,買い物
他方,たほう,N1,仕事
多忙,たぼう,N1,仕事
給う,たまう,N1,社会
魂,たましい,N1,趣味
溜まり,たまり,N1,街
賜る,たまわる,N1,仕事
保つ,たもつ,N1,家
たやすい,たやすい,N1,仕事
多様,たよう,N1,社会
弛み,たるみ,N1,家
弛む,たるむ,N1,社会
垂れる,たれる,N1,自然
タレント,タレント,N1,趣味
タワー,タワー,N1,街
単一,たんいつ,N1,仕事
短歌,たんか,N1,趣味
担架,たんか,N1,社会
団結,だんけつ,N1,社会
探検,たんけん,N1,趣味
断言,だんげん,N1,仕事
短縮,たんしゅく,N1,仕事
断然,だんぜん,N1,趣味
炭素,たんそ,N1,社会
短大,たんだい,N1,学校
単調,たんちょう,N1,仕事
単独,たんどく,N1,趣味
旦那,だんな,N1,人
短波,たんぱ,N1,趣味
蛋白質,たんぱくしつ,N1,体
ダンプ,ダンプ,N1,交通
断面,だんめん,N1,自然
弾力,だんりょく,N1,買い物
治安,ちあん,N1,社会
チームワーク,チームワーク,N1,趣味
チェンジ,チェンジ,N1,趣味
違える,ちがえる,N1,体
畜産,ちくさん,N1,仕事
畜生,ちくしょう,N1,人
蓄積,ちくせき,N1,仕事
地形,ちけい,N1,自然
知性,ちせい,N1,人
縮まる,ちぢまる,N1,趣味
秩序,ちつじょ,N1,社会
窒息,ちっそく,N1,体
知的,ちてき,N1,人
着手,ちゃくしゅ,N1,仕事
着色,ちゃくしょく,N1,食べ物
着席,ちゃくせき,N1,社会
着目,ちゃくもく,N1,仕事
着陸,ちゃくりく,N1,交通
着工,ちゃっこう,N1,仕事
茶の間,ちゃのま,N1,家
茶の湯,ちゃのゆ,N1,趣味
ちやほや,ちやほや,N1,家
チャンネル,チャンネル,N1,趣味
宙返り,ちゅうがえり,N1,趣味
中継,ちゅうけい,N1,趣味
忠告,ちゅうこく,N1,人
中枢,ちゅうすう,N1,仕事
抽選,ちゅうせん,N1,趣味
中毒,ちゅうどく,N1,体
中腹,ちゅうふく,N1,自然
中立,ちゅうりつ,N1,社会
中和,ちゅうわ,N1,学校
腸,ちょう,N1,体
蝶,ちょう,N1,自然
超,ちょう,N1,街
調印,ちょういん,N1,社会
聴覚,ちょうかく,N1,体
長官,ちょうかん,N1,社会
聴講,ちょうこう,N1,学校
徴収,ちょうしゅう,N1,仕事
聴診器,ちょうしんき,N1,体
調停,ちょうてい,N1,社会
重複,ちょうふく,N1,仕事
長編,ちょうへん,N1,趣味
重宝,ちょうほう,N1,家
調理,ちょうり,N1,食べ物
調和,ちょうわ,N1,趣味
ちょくちょく,ちょくちょく,N1,人
直面,ちょくめん,N1,仕事
著書,ちょしょ,N1,学校
貯蓄,ちょちく,N1,家
直感,ちょっかん,N1,人
著名,ちょめい,N1,趣味
ちらっと,ちらっと,N1,動作
塵,ちり,N1,家
塵取り,ちりとり,N1,家
賃金,ちんぎん,N1,社会
沈殿,ちんでん,N1,学校
沈没,ちんぼつ,N1,社会
陳列,ちんれつ,N1,買い物
追及,ついきゅう,N1,社会
追跡,ついせき,N1,仕事
追放,ついほう,N1,社会
費やす,ついやす,N1,仕事
墜落,ついらく,N1,社会
痛感,つうかん,N1,人
通常,つうじょう,N1,買い物
痛切,つうせつ,N1,人
使い道,つかいみち,N1,家
仕える,つかえる,N1,仕事
司る,つかさどる,N1,社会
つかの間,つかのま,N1,時間
月並,つきなみ,N1,人
継目,つぎめ,N1,家
尽きる,つきる,N1,交通
尽くす,つくす,N1,趣味
つくづく,つくづく,N1,人
作り,つくり,N1,家
繕う,つくろう,N1,家
付け加える,つけくわえる,N1,仕事
告げる,つげる,N1,人
筒,つつ,N1,仕事
突っ突く,つっつく,N1,動作
謹む,つつしむ,N1,人
突っ張る,つっぱる,N1,体
務まる,つとまる,N1,仕事
勤め先,つとめさき,N1,仕事
努めて,つとめて,N1,人
つねる,つねる,N1,体
唾,つば,N1,体
呟く,つぶやく,N1,人
つぶら,つぶら,N1,家
壷,つぼ,N1,趣味
蕾,つぼみ,N1,自然
連なる,つらなる,N1,自然
貫く,つらぬく,N1,人
連ねる,つらねる,N1,社会
釣り鐘,つりがね,N1,街
吊り革,つりかわ,N1,交通
手当,てあて,N1,仕事
定義,ていぎ,N1,学校
提供,ていきょう,N1,仕事
提携,ていけい,N1,仕事
体裁,ていさい,N1,仕事
提示,ていじ,N1,社会
ティシュペーパー,ティシュペーパー,N1,家
邸宅,ていたく,N1,街
堤防,ていぼう,N1,街
手遅れ,ておくれ,N1,家
でかい,でかい,N1,交通
手掛かり,てがかり,N1,社会
手掛ける,てがける,N1,仕事
手数,てかず,N1,あいさつ
適応,てきおう,N1,人
適宜,てきぎ,N1,仕事
適性,てきせい,N1,仕事
できもの,できもの,N1,体
手際,てぎわ,N1,仕事
出くわす,でくわす,N1,人
手錠,てじょう,N1,社会
デコレーション,デコレーション,N1,食べ物
手近,てぢか,N1,食べ物
てっきり,てっきり,N1,時間
鉄鋼,てっこう,N1,社会
デッサン,デッサン,N1,趣味
徹する,てっする,N1,趣味
てっぺん,てっぺん,N1,自然
鉄棒,てつぼう,N1,趣味
出直し,でなおし,N1,仕事
掌,てのひら,N1,体
手配,てはい,N1,交通
手筈,てはず,N1,仕事
手引,てびき,N1,仕事
手本,てほん,N1,学校
手回し,てまわし,N1,仕事
手元,てもと,N1,仕事
デモンストレーション,デモンストレーション,N1,仕事
照り返す,てりかえす,N1,自然
テレックス,テレックス,N1,仕事
手分け,てわけ,N1,仕事
田園,でんえん,N1,自然
天下,てんか,N1,社会
レンジ,レンジ,N1,食べ物
連日,れんじつ,N1,自然
連帯,れんたい,N1,社会
レンタカー,レンタカー,N1,交通
連中,れんちゅう,N1,人
レントゲン,レントゲン,N1,体
連邦,れんぽう,N1,社会
連盟,れんめい,N1,趣味
老衰,ろうすい,N1,体
朗読,ろうどく,N1,趣味
浪費,ろうひ,N1,仕事
労力,ろうりょく,N1,仕事
ロープウエイ,ロープウエイ,N1,交通
ロープ,ロープ,N1,仕事
ろくな,ろくな,N1,家
露骨,ろこつ,N1,人
ロマンチック,ロマンチック,N1,趣味
論議,ろんぎ,N1,社会
論理,ろんり,N1,学校
技,わざ,N1,趣味
煩わしい,わずらわしい,N1,社会
渡り鳥,わたりどり,N1,自然
ワット,ワット,N1,家
詫び,わび,N1,人
和文,わぶん,N1,学校
藁,わら,N1,自然
割当,わりあて,N1,仕事
割込む,わりこむ,N1,社会
悪者,わるもの,N1,趣味
捗る,はかどる,N1,仕事
はかない,はかない,N1,人
ばかばかしい,ばかばかしい,N1,人
破棄,はき,N1,仕事
剥ぐ,はぐ,N1,自然
迫害,はくがい,N1,社会
薄弱,はくじゃく,N1,仕事
白状,はくじょう,N1,社会
漠然,ばくぜん,N1,人
爆弾,ばくだん,N1,社会
爆破,ばくは,N1,仕事
暴露,ばくろ,N1,社会
励む,はげむ,N1,趣味
剥げる,はげる,N1,家
化ける,ばける,N1,趣味
派遣,はけん,N1,仕事
恥,はじ,N1,人
弾く,はじく,N1,趣味
パジャマ,パジャマ,N1,家
恥じらう,はじらう,N1,人
恥じる,はじる,N1,人
橋渡し,はしわたし,N1,仕事
弾む,はずむ,N1,人
破損,はそん,N1,交通
叩く,はたく,N1,家
裸足,はだし,N1,趣味
蜂蜜,はちみつ,N1,食べ物
パチンコ,パチンコ,N1,趣味
罰,ばつ,N1,学校
発育,はついく,N1,体
発芽,はつが,N1,自然
発掘,はっくつ,N1,学校
バッジ,バッジ,N1,仕事
発生,はっせい,N1,社会
仕立てる,したてる,N1,買い物
下取り,したどり,N1,買い物
下火,したび,N1,趣味
実家,じっか,N1,家
失格,しっかく,N1,趣味
質疑,しつぎ,N1,仕事
失脚,しっきゃく,N1,社会
実業家,じつぎょうか,N1,仕事
シック,シック,N1,買い物
じっくり,じっくり,N1,仕事
躾,しつけ,N1,家
躾ける,しつける,N1,家
実践,じっせん,N1,仕事
実態,じったい,N1,社会
失調,しっちょう,N1,体
嫉妬,しっと,N1,人
実費,じっぴ,N1,買い物
指摘,してき,N1,仕事
助動詞,じょどうし,N1,学校
淑やか,しとやか,N1,人
萎びる,しなびる,N1,食べ物
シナリオ,シナリオ,N1,仕事
しなやか,しなやか,N1,自然
屎尿,しにょう,N1,社会
地主,じぬし,N1,社会
凌ぐ,しのぐ,N1,買い物
芝,しば,N1,家
耳鼻科,じびか,N1,体
私物,しぶつ,N1,仕事
しぶとい,しぶとい,N1,趣味
司法,しほう,N1,社会
始末,しまつ,N1,仕事
染みる,しみる,N1,体
視野,しや,N1,仕事
弱,じゃく,N1,数
社交,しゃこう,N1,人
ジャズ,ジャズ,N1,趣味
謝絶,しゃぜつ,N1,体
社宅,しゃたく,N1,家
若干,じゃっかん,N1,仕事
三味線,しゃみせん,N1,趣味
斜面,しゃめん,N1,自然
砂利,じゃり,N1,家
洒落る,しゃれる,N1,食べ物
ジャンパー,ジャンパー,N1,買い物
ジャンプ,ジャンプ,N1,趣味
ジャンボ,ジャンボ,N1,交通
ジャンル,ジャンル,N1,趣味
私有,しゆう,N1,社会
収益,しゅうえき,N1,仕事
修学,しゅうがく,N1,学校
周期,しゅうき,N1,自然
衆議院,しゅうぎいん,N1,社会
就業,しゅうぎょう,N1,仕事
集計,しゅうけい,N1,社会
襲撃,しゅうげき,N1,社会
収支,しゅうし,N1,家
終始,しゅうし,N1,人
修士,しゅうし,N1,学校
従事,じゅうじ,N1,仕事
終日,しゅうじつ,N1,自然
収集,しゅうしゅう,N1,学校
十字路,じゅうじろ,N1,交通
執着,しゅうじゃく,N1,趣味
収容,しゅうよう,N1,社会
従来,じゅうらい,N1,仕事
守衛,しゅえい,N1,仕事
主演,しゅえん,N1,趣味
主観,しゅかん,N1,学校
修行,しゅぎょう,N1,仕事
塾,じゅく,N1,学校
祝賀,しゅくが,N1,仕事
宿命,しゅくめい,N1,人
手芸,しゅげい,N1,趣味
主権,しゅけん,N1,社会
主催,しゅさい,N1,社会
趣旨,しゅし,N1,仕事
種々,しゅじゅ,N1,仕事
主食,しゅしょく,N1,食べ物
主人公,しゅじんこう,N1,趣味
主体,しゅたい,N1,仕事
主題,しゅだい,N1,学校
出演,しゅつえん,N1,趣味
出血,しゅっけつ,N1,体
出現,しゅつげん,N1,仕事
出産,しゅっさん,N1,体
出社,しゅっしゃ,N1,仕事
出生,しゅっしょう,N1,社会
微量,びりょう,N1,食べ物
昼飯,ひるめし,N1,食べ物
比例,ひれい,N1,数
敏感,びんかん,N1,体
貧困,ひんこん,N1,社会
貧弱,ひんじゃく,N1,仕事
品種,ひんしゅ,N1,自然
ヒント,ヒント,N1,学校
頻繁,ひんぱん,N1,仕事
貧乏,びんぼう,N1,家
ファイト,ファイト,N1,趣味
ファイル,ファイル,N1,仕事
ファン,ファン,N1,趣味
不意,ふい,N1,人
フィルタ,フィルタ,N1,家
封,ふう,N1,仕事
封鎖,ふうさ,N1,社会
風車,ふうしゃ,N1,自然
風俗,ふうぞく,N1,社会
ブーツ,ブーツ,N1,買い物
風土,ふうど,N1,自然
ブーム,ブーム,N1,趣味
フォーム,フォーム,N1,趣味
不可欠,ふかけつ,N1,仕事
ぶかぶか,ぶかぶか,N1,買い物
不吉,ふきつ,N1,社会
複合,ふくごう,N1,街
覆面,ふくめん,N1,社会
膨れる,ふくれる,N1,食べ物
不景気,ふけいき,N1,社会
布告,ふこく,N1,社会
ブザー,ブザー,N1,家
不在,ふざい,N1,仕事
ふさわしい,ふさわしい,N1,買い物
不順,ふじゅん,N1,自然
負傷,ふしょう,N1,趣味
侮辱,ぶじょく,N1,人
不審,ふしん,N1,社会
不振,ふしん,N1,仕事
武装,ぶそう,N1,社会
負担,ふたん,N1,仕事
不調,ふちょう,N1,体
復活,ふっかつ,N1,社会
物議,ぶつぎ,N1,社会
復興,ふっこう,N1,社会
物資,ぶっし,N1,社会
仏像,ぶつぞう,N1,社会
物体,ぶったい,N1,自然
沸騰,ふっとう,N1,食べ物
不当,ふとう,N1,社会
不動産,ふどうさん,N1,家
無難,ぶなん,N1,人
赴任,ふにん,N1,仕事
腐敗,ふはい,N1,社会
不評,ふひょう,N1,買い物
不服,ふふく,N1,社会
普遍,ふへん,N1,学校
踏まえる,ふまえる,N1,仕事
踏み込む,ふみこむ,N1,仕事
不明,ふめい,N1,仕事
部門,ぶもん,N1,仕事
扶養,ふよう,N1,社会
ふらふら,ふらふら,N1,体
ぶらぶら,ぶらぶら,N1,街
振り返る,ふりかえる,N1,仕事
振り出し,ふりだし,N1,仕事
浮力,ふりょく,N1,学校
武力,ぶりょく,N1,社会
震わせる,ふるわせる,N1,体
無礼,ぶれい,N1,人
付録,ふろく,N1,趣味
フロント,フロント,N1,交通
憤慨,ふんがい,N1,人
分業,ぶんぎょう,N1,仕事
文語,ぶんご,N1,学校
分散,ぶんさん,N1,交通
分子,ぶんし,N1,学校
紛失,ふんしつ,N1,社会
噴出,ふんしゅつ,N1,自然
文書,ぶんしょ,N1,学校
紛争,ふんそう,N1,社会
ふんだん,ふんだん,N1,食べ物
分担,ぶんたん,N1,仕事
奮闘,ふんとう,N1,趣味
分配,ぶんぱい,N1,仕事
分母,ぶんぼ,N1,数
粉末,ふんまつ,N1,体
分離,ぶんり,N1,学校
分裂,ぶんれつ,N1,社会
ペア,ペア,N1,趣味
閉鎖,へいさ,N1,仕事
兵士,へいし,N1,社会
平常,へいじょう,N1,買い物
平方,へいほう,N1,数
並列,へいれつ,N1,仕事
ベース,ベース,N1,仕事
辟易,へきえき,N1,人
ぺこぺこ,ぺこぺこ,N1,体
ベスト,ベスト,N1,趣味
ベストセラー,ベストセラー,N1,趣味
隔たる,へだたる,N1,人
へりくだる,へりくだる,N1,人
弁解,べんかい,N1,人
変革,へんかく,N1,社会
返還,へんかん,N1,社会
便宜,べんぎ,N1,社会
偏見,へんけん,N1,人
弁護,べんご,N1,社会
弁償,べんしょう,N1,社会
変遷,へんせん,N1,街
返答,へんとう,N1,仕事
変動,へんどう,N1,社会
弁論,べんろん,N1,学校
穂,ほ,N1,自然
保育,ほいく,N1,家
ボイコット,ボイコット,N1,社会
法案,ほうあん,N1,社会
防衛,ぼうえい,N1,社会
防火,ぼうか,N1,社会
崩壊,ほうかい,N1,家
妨害,ぼうがい,N1,仕事
封建,ほうけん,N1,社会
豊作,ほうさく,N1,自然
方策,ほうさく,N1,仕事
奉仕,ほうし,N1,社会
方式,ほうしき,N1,仕事
放射,ほうしゃ,N1,学校
放射能,ほうしゃのう,N1,社会
報酬,ほうしゅう,N1,仕事
放出,ほうしゅつ,N1,学校
報じる,ほうじる,N1,社会
報ずる,ほうずる,N1,社会
紡績,ぼうせき,N1,仕事
呆然,ぼうぜん,N1,人
放置,ほうち,N1,社会
膨張,ぼうちょう,N1,学校
法廷,ほうてい,N1,社会
報道,ほうどう,N1,社会
冒頭,ぼうとう,N1,仕事
暴動,ぼうどう,N1,社会
褒美,ほうび,N1,家
暴風,ぼうふう,N1,自然
葬る,ほうむる,N1,社会
放り込む,ほうりこむ,N1,家
放り出す,ほうりだす,N1,仕事
暴力,ぼうりょく,N1,社会
飽和,ほうわ,N1,仕事
ホース,ホース,N1,家
ポーズ,ポーズ,N1,趣味
ホール,ホール,N1,趣味
保温,ほおん,N1,食べ物
捕獲,ほかく,N1,自然
補給,ほきゅう,N1,体
補強,ほきょう,N1,街
牧師,ぼくし,N1,社会
捕鯨,ほげい,N1,社会
惚ける,ぼける,N1,趣味
母校,ぼこう,N1,学校
母国,ぼこく,N1,社会
誇る,ほこる,N1,学校
綻びる,ほころびる,N1,買い物
ポジション,ポジション,N1,趣味
干し物,ほしもの,N1,家
保守,ほしゅ,N1,仕事
補充,ほじゅう,N1,仕事
舗装,ほそう,N1,街
墓地,ぼち,N1,街
発作,ほっさ,N1,体
没収,ぼっしゅう,N1,社会
発足,ほっそく,N1,社会
ポット,ポット,N1,家
ほっぺた,ほっぺた,N1,体
ぼつぼつ,ぼつぼつ,N1,買い物
没落,ぼつらく,N1,趣味
解ける,ほどける,N1,買い物
施す,ほどこす,N1,体
ほとり,ほとり,N1,自然
ぼやく,ぼやく,N1,人
ぼやける,ぼやける,N1,体
保養,ほよう,N1,体
捕虜,ほりょ,N1,社会
ボルト,ボルト,N1,家
滅びる,ほろびる,N1,学校
滅ぼす,ほろぼす,N1,体
本格,ほんかく,N1,食べ物
本館,ほんかん,N1,街
本気,ほんき,N1,仕事
本国,ほんごく,N1,社会
本質,ほんしつ,N1,仕事
本体,ほんたい,N1,仕事
本音,ほんね,N1,人
本能,ほんのう,N1,体
本場,ほんば,N1,食べ物
ポンプ,ポンプ,N1,家
本名,ほんみょう,N1,人
マーク,マーク,N1,学校
マイクロフォン,マイクロフォン,N1,仕事
埋蔵,まいぞう,N1,社会
舞う,まう,N1,自然
真上,まうえ,N1,位置
前置き,まえおき,N1,仕事
賄う,まかなう,N1,社会
紛らわしい,まぎらわしい,N1,仕事
紛れる,まぎれる,N1,街
真心,まごころ,N1,人
まごつく,まごつく,N1,人
誠,まこと,N1,仕事
誠に,まことに,N1,あいさつ
まさしく,まさしく,N1,人
勝る,まさる,N1,仕事
交える,まじえる,N1,人
真下,ました,N1,位置
交わる,まじわる,N1,交通
麻酔,ますい,N1,体
待ち遠しい,まちどおしい,N1,時間
待ち望む,まちのぞむ,N1,学校
まちまち,まちまち,N1,仕事
末期,まっき,N1,学校
真っ二つ,まっぷたつ,N1,仕事
まと,まと,N1,趣味
纏まり,まとまり,N1,仕事
免れる,まぬがれる,N1,仕事
招き,まねき,N1,人
瞬き,まばたき,N1,時間
麻痺,まひ,N1,体
眉,まゆ,N1,体
鞠,まり,N1,趣味
丸ごと,まるごと,N1,食べ物
まるっきり,まるっきり,N1,学校
丸々,まるまる,N1,時間
丸める,まるめる,N1,家
満月,まんげつ,N1,自然
満場,まんじょう,N1,社会
真ん前,まんまえ,N1,位置
真ん丸い,まんまるい,N1,自然
見合い,みあい,N1,人
見合わせる,みあわせる,N1,交通
未開,みかい,N1,社会
味覚,みかく,N1,体
幹,みき,N1,自然
見苦しい,みぐるしい,N1,人
見込み,みこみ,N1,体
未婚,みこん,N1,社会
未熟,みじゅく,N1,仕事
微塵,みじん,N1,人
水気,みずけ,N1,食べ物
ミスプリント,ミスプリント,N1,仕事
みすぼらしい,みすぼらしい,N1,買い物
ミセス,ミセス,N1,趣味
見せびらかす,みせびらかす,N1,人
見せ物,みせもの,N1,趣味
乱す,みだす,N1,社会
乱れる,みだれる,N1,体
身近,みぢか,N1,学校
導く,みちびく,N1,学校
密集,みっしゅう,N1,街
密接,みっせつ,N1,社会
密度,みつど,N1,社会
見通し,みとおし,N1,仕事
見なす,みなす,N1,仕事
源,みなもと,N1,自然
見習う,みならう,N1,仕事
身なり,みなり,N1,買い物
峰,みね,N1,自然
身の上,みのうえ,N1,人
見逃す,みのがす,N1,趣味
身の回り,みのまわり,N1,交通
見計らう,みはからう,N1,仕事
見晴らし,みはらし,N1,自然
身振り,みぶり,N1,人
脈,みゃく,N1,体
ミュージック,ミュージック,N1,趣味
未練,みれん,N1,仕事
見渡す,みわたす,N1,街
民宿,みんしゅく,N1,交通
民族,みんぞく,N1,社会
民俗,みんぞく,N1,社会
無意味,むいみ,N1,人
ムード,ムード,N1,食べ物
無口,むくち,N1,人
婿,むこ,N1,家
無言,むごん,N1,人
無邪気,むじゃき,N1,人
むしる,むしる,N1,家
結び付き,むすびつき,N1,社会
結び付く,むすびつく,N1,仕事
結び付ける,むすびつける,N1,仕事
無線,むせん,N1,仕事
無断,むだん,N1,社会
無知,むち,N1,人
無茶,むちゃ,N1,仕事
無茶苦茶,むちゃくちゃ,N1,仕事
空しい,むなしい,N1,人
無念,むねん,N1,趣味
無能,むのう,N1,仕事
無闇に,むやみに,N1,仕事
無用,むよう,N1,人
群がる,むらがる,N1,街
無論,むろん,N1,仕事
名産,めいさん,N1,買い物
名称,めいしょう,N1,仕事
命中,めいちゅう,N1,趣味
明白,めいはく,N1,仕事
名誉,めいよ,N1,社会
明瞭,めいりょう,N1,仕事
明朗,めいろう,N1,人
メーカー,メーカー,N1,仕事
目方,めかた,N1,交通
恵み,めぐみ,N1,自然
恵む,めぐむ,N1,社会
目覚しい,めざましい,N1,仕事
目覚める,めざめる,N1,体
召す,めす,N1,あいさつ
雌,めす,N1,自然
目付き,めつき,N1,人
滅亡,めつぼう,N1,学校
メディア,メディア,N1,社会
目途,めど,N1,仕事
目盛,めもり,N1,食べ物
メロディー,メロディー,N1,趣味
面会,めんかい,N1,体
免除,めんじょ,N1,学校
面目,めんぼく,N1,人
申し入れる,もうしいれる,N1,仕事
申出,もうしで,N1,仕事
申し出る,もうしでる,N1,仕事
申し分,もうしぶん,N1,仕事
盲点,もうてん,N1,社会
猛烈,もうれつ,N1,自然
モーテル,モーテル,N1,交通
もがく,もがく,N1,自然
目録,もくろく,N1,趣味
目論見,もくろみ,N1,仕事
模型,もけい,N1,趣味
模索,もさく,N1,仕事
もしかして,もしかして,N1,交通
もしくは,もしくは,N1,接続詞
もたらす,もたらす,N1,自然
持ち切り,もちきり,N1,人
専ら,もっぱら,N1,趣味
もてなす,もてなす,N1,人
もてる,もてる,N1,人
モニター,モニター,N1,仕事
物好き,ものずき,N1,人
模範,もはん,N1,学校
模倣,もほう,N1,趣味
もめる,もめる,N1,仕事
股,もも,N1,体
催す,もよおす,N1,社会
漏らす,もらす,N1,仕事
盛り上がる,もりあがる,N1,人
脆い,もろい,N1,仕事
もろに,もろに,N1,自然
矢,や,N1,趣味
野外,やがい,N1,趣味
夜具,やぐ,N1,家
役職,やくしょく,N1,仕事
役場,やくば,N1,社会
やけに,やけに,N1,自然
屋敷,やしき,N1,街
養う,やしなう,N1,家
野心,やしん,N1,人
安っぽい,やすっぽい,N1,買い物
休める,やすめる,N1,体
野生,やせい,N1,自然
奴,やつ,N1,人
闇,やみ,N1,様子
ややこしい,ややこしい,N1,社会
やりとおす,やりとおす,N1,仕事
和らげる,やわらげる,N1,人
ヤング,ヤング,N1,買い物
優位,ゆうい,N1,仕事
憂鬱,ゆううつ,N1,人
有益,ゆうえき,N1,仕事
優越,ゆうえつ,N1,人
夕暮れ,ゆうぐれ,N1,時間
有する,ゆうする,N1,仕事
優勢,ゆうせい,N1,趣味
誘導,ゆうどう,N1,交通
融通,ゆうずう,N1,仕事
優美,ゆうび,N1,趣味
有望,ゆうぼう,N1,仕事
遊牧,ゆうぼく,N1,社会
夕焼け,ゆうやけ,N1,自然
有力,ゆうりょく,N1,社会
幽霊,ゆうれい,N1,趣味
誘惑,ゆうわく,N1,食べ物
歪む,ゆがむ,N1,家
揺さぶる,ゆさぶる,N1,自然
ゆとり,ゆとり,N1,時間
ユニーク,ユニーク,N1,街
ユニフォーム,ユニフォーム,N1,趣味
指差す,ゆびさす,N1,交通
弓,ゆみ,N1,趣味
揺らぐ,ゆらぐ,N1,人
緩む,ゆるむ,N1,自然
緩める,ゆるめる,N1,交通
要因,よういん,N1,仕事
溶液,ようえき,N1,学校
用件,ようけん,N1,仕事
様式,ようしき,N1,街
要する,ようする,N1,仕事
要請,ようせい,N1,社会
様相,ようそう,N1,社会
用品,ようひん,N1,家
洋風,ようふう,N1,交通
用法,ようほう,N1,体
要望,ようぼう,N1,社会
余暇,よか,N1,趣味
予感,よかん,N1,人
余興,よきょう,N1,趣味
預金,よきん,N1,仕事
抑圧,よくあつ,N1,社会
抑制,よくせい,N1,仕事
欲深い,よくふかい,N1,人
欲望,よくぼう,N1,人
予言,よげん,N1,趣味
横綱,よこづな,N1,趣味
よし,よし,N1,あいさつ
善し悪し,よしあし,N1,買い物
余所見,よそみ,N1,交通
余地,よち,N1,仕事
よって,よって,N1,接続詞
与党,よとう,N1,社会
呼び止める,よびとめる,N1,人
夜更し,よふかし,N1,体
夜更け,よふけ,N1,時間
余程,よほど,N1,体
読み上げる,よみあげる,N1,学校
寄り掛かる,よりかかる,N1,動作
弱る,よわる,N1,体
来場,らいじょう,N1,あいさつ
ライス,ライス,N1,食べ物
酪農,らくのう,N1,社会
落下,らっか,N1,社会
楽観,らっかん,N1,仕事
ランプ,ランプ,N1,家
濫用,らんよう,N1,社会
リード,リード,N1,趣味
理屈,りくつ,N1,仕事
利子,りし,N1,仕事
利潤,りじゅん,N1,仕事
理性,りせい,N1,人
利息,りそく,N1,仕事
立体,りったい,N1,学校
立方,りっぽう,N1,数
立法,りっぽう,N1,社会
利点,りてん,N1,仕事
略奪,りゃくだつ,N1,社会
略語,りゃくご,N1,学校
流通,りゅうつう,N1,社会
領域,りょういき,N1,学校
了解,りょうかい,N1,仕事
領海,りょうかい,N1,社会
両極,りょうきょく,N1,社会
良好,りょうこう,N1,体
良識,りょうしき,N1,社会
良質,りょうしつ,N1,食べ物
了承,りょうしょう,N1,仕事
領地,りょうち,N1,学校
領土,りょうど,N1,社会
両立,りょうりつ,N1,仕事
旅客,りょかく,N1,交通
履歴,りれき,N1,仕事
理論,りろん,N1,学校
林業,りんぎょう,N1,社会
類,るい,N1,買い物
類推,るいすい,N1,学校
類似,るいじ,N1,社会
ルーズ,ルーズ,N1,人
冷酷,れいこく,N1,人
冷蔵,れいぞう,N1,食べ物
冷淡,れいたん,N1,人
レース,レース,N1,趣味
レギュラー,レギュラー,N1,趣味
レッスン,レッスン,N1,趣味
レディー,レディー,N1,買い物
レバー,レバー,N1,仕事
恋愛,れんあい,N1,人
バッテリー,バッテリー,N1,交通
バット,バット,N1,趣味
発病,はつびょう,N1,体
初耳,はつみみ,N1,人
果て,はて,N1,自然
果てる,はてる,N1,仕事
ばてる,ばてる,N1,体
パトカー,パトカー,N1,社会
甚だ,はなはだ,N1,趣味
華々しい,はなばなしい,N1,趣味
花びら,はなびら,N1,自然
華やか,はなやか,N1,趣味
阻む,はばむ,N1,交通
浜,はま,N1,自然
浜辺,はまべ,N1,自然
はまる,はまる,N1,趣味
早める,はやめる,N1,交通
腹立ち,はらだち,N1,人
原っぱ,はらっぱ,N1,街
はらはら,はらはら,N1,趣味
ばらまく,ばらまく,N1,社会
張り紙,はりがみ,N1,仕事
遥か,はるか,N1,自然
破裂,はれつ,N1,家
版画,はんが,N1,趣味
ハンガー,ハンガー,N1,家
反感,はんかん,N1,人
反響,はんきょう,N1,社会
パンク,パンク,N1,交通
反撃,はんげき,N1,趣味
判決,はんけつ,N1,社会
反射,はんしゃ,N1,自然
繁盛,はんじょう,N1,仕事
繁殖,はんしょく,N1,自然
反する,はんする,N1,仕事
判定,はんてい,N1,趣味
万人,ばんにん,N1,食べ物
晩年,ばんねん,N1,人
反応,はんのう,N1,仕事
万能,ばんのう,N1,家
半端,はんぱ,N1,仕事
反発,はんぱつ,N1,社会
反乱,はんらん,N1,社会
氾濫,はんらん,N1,社会
美,び,N1,趣味
ひいては,ひいては,N1,家
ビールス,ビールス,N1,体
控室,ひかえしつ,N1,仕事
控える,ひかえる,N1,体
悲観,ひかん,N1,人
引き上げる,ひきあげる,N1,買い物
率いる,ひきいる,N1,仕事
引き起こす,ひきおこす,N1,仕事
引下げる,ひきさげる,N1,社会
引きずる,ひきずる,N1,交通
引取る,ひきとる,N1,仕事
否決,ひけつ,N1,社会
日頃,ひごろ,N1,様子
久しい,ひさしい,N1,人
悲惨,ひさん,N1,社会
ビジネス,ビジネス,N1,仕事
比重,ひじゅう,N1,仕事
美術,びじゅつ,N1,趣味
秘書,ひしょ,N1,仕事
微笑,びしょう,N1,人
密か,ひそか,N1,仕事
浸す,ひたす,N1,食べ物
ひたすら,ひたすら,N1,趣味
左利き,ひだりきき,N1,家
引っ掻く,ひっかく,N1,体
必修,ひっしゅう,N1,学校
びっしょり,びっしょり,N1,体
必然,ひつぜん,N1,仕事
匹敵,ひってき,N1,仕事
一息,ひといき,N1,仕事
人影,ひとかげ,N1,街
人柄,ひとがら,N1,人
一頃,ひところ,N1,時間
人質,ひとじち,N1,社会
一筋,ひとすじ,N1,学校
人目,ひとめ,N1,人
日取り,ひどり,N1,社会
雛,ひな,N1,自然
雛祭,ひなまつり,N1,社会
日向,ひなた,N1,家
日の丸,ひのまる,N1,社会
火花,ひばな,N1,仕事
悲鳴,ひめい,N1,社会
日焼け,ひやけ,N1,体
標語,ひょうご,N1,社会
描写,びょうしゃ,N1,趣味
ひょっと,ひょっと,N1,自然
びら,びら,N1,社会
平たい,ひらたい,N1,食べ物
びり,びり,N1,趣味
比率,ひりつ,N1,学校
愛着,あいちゃく,N2,人
曖昧,あいまい,N2,仕事
軋轢,あつれき,N2,仕事
生じる,しょうじる,N2,仕事
著しい,いちじるしい,N2,仕事
依存,いぞん,N2,社会
輸入,ゆにゅう,N2,社会
輸出,ゆしゅつ,N2,社会
委託,いたく,N2,仕事
逸脱,いつだつ,N2,仕事
意図,いと,N2,仕事
発言,はつげん,N2,仕事
著者,ちょしゃ,N2,学校
引用,いんよう,N2,学校
卒業,そつぎょう,N2,学校
研究者,けんきゅうしゃ,N2,学校
仮説,かせつ,N2,学校
検証,けんしょう,N2,学校
観察,かんさつ,N2,学校
推測,すいそく,N2,学校
推進,すいしん,N2,仕事
促進,そくしん,N2,社会
目指す,めざす,N2,学校
促す,うながす,N2,仕事
催促,さいそく,N2,仕事
猶予,ゆうよ,N2,仕事
該当者,がいとうしゃ,N2,社会
応募,おうぼ,N2,仕事
採用,さいよう,N2,仕事
選考,せんこう,N2,仕事
面接官,めんせつかん,N2,仕事
職種,しょくしゅ,N2,仕事
配属,はいぞく,N2,仕事
降格,こうかく,N2,仕事
定年,ていねん,N2,仕事
勤続,きんぞく,N2,仕事
表彰,ひょうしょう,N2,仕事
功績,こうせき,N2,仕事
長年,ながねん,N2,仕事
実る,みのる,N2,様子
成果,せいか,N2,仕事
公表,こうひょう,N2,社会
公開,こうかい,N2,社会
求める,もとめる,N2,仕事
要求,ようきゅう,N2,仕事
応える,こたえる,N2,仕事
期待,きたい,N2,人
挑戦,ちょうせん,N2,学校
挑む,いどむ,N2,趣味
担当者,たんとうしゃ,N2,仕事
責任者,せきにんしゃ,N2,仕事
権限,けんげん,N2,仕事
反論,はんろん,N2,仕事
討論,とうろん,N2,仕事
合意,ごうい,N2,仕事
成立,せいりつ,N2,仕事
妥協,だきょう,N2,仕事
年寄り,としより,N2,社会
配慮,はいりょ,N2,人
遠慮,えんりょ,N2,人
謙虚,けんきょ,N2,人
傲慢,ごうまん,N2,人
詫びる,わびる,N2,人
行為,こうい,N2,社会
禁じる,きんじる,N2,社会
館内,かんない,N2,街
入れ替える,いれかえる,N2,仕事
製造,せいぞう,N2,仕事
工程,こうてい,N2,仕事
品質管理,ひんしつかんり,N2,仕事
出荷,しゅっか,N2,仕事
不良,ふりょう,N2,仕事
欠陥,けっかん,N2,仕事
設計,せっけい,N2,仕事
取得,しゅとく,N2,仕事
補助,ほじょ,N2,社会
援助,えんじょ,N2,社会
貢献,こうけん,N2,社会
医療,いりょう,N2,体
診断,しんだん,N2,体
感染,かんせん,N2,体
整える,ととのえる,N2,買い物
服装,ふくそう,N2,仕事
評価,ひょうか,N2,仕事
批判,ひはん,N2,社会
称賛,しょうさん,N2,社会
叱る,しかる,N2,家
大胆,だいたん,N2,仕事
積極的,せっきょくてき,N2,仕事
消極的,しょうきょくてき,N2,仕事
抽象的,ちゅうしょうてき,N2,学校
客観的,きゃっかんてき,N2,仕事
主観的,しゅかんてき,N2,学校
務める,つとめる,N2,仕事
進め方,すすめかた,N2,仕事
浮かぶ,うかぶ,N2,仕事
アピール,アピール,N2,仕事
アンケート,アンケート,N2,仕事
オーバー,オーバー,N2,人
カット,カット,N2,仕事
カバー,カバー,N2,仕事
キャンセル,キャンセル,N2,交通
クレーム,クレーム,N2,仕事
対応,たいおう,N2,仕事
コスト,コスト,N2,仕事
サポート,サポート,N2,仕事
切り替える,きりかえる,N2,様子
たまる,たまる,N2,体
スペース,スペース,N2,家
チェック,チェック,N2,仕事
トラブル,トラブル,N2,仕事
ペース,ペース,N2,様子
絞る,しぼる,N2,仕事
マイナス,マイナス,N2,仕事
プラス,プラス,N2,仕事
メリット,メリット,N2,仕事
リスク,リスク,N2,仕事
マニュアル,マニュアル,N2,仕事
ケース,ケース,N2,仕事
重ねる,かさねる,N2,家
景気,けいき,N2,社会
不況,ふきょう,N2,社会
損失,そんしつ,N2,仕事
赤字,あかじ,N2,仕事
黒字,くろじ,N2,仕事
経費,けいひ,N2,仕事
予算案,よさんあん,N2,仕事
承認,しょうにん,N2,仕事
決算,けっさん,N2,仕事
株,かぶ,N2,社会
為替,かわせ,N2,社会
金利,きんり,N2,社会
融資,ゆうし,N2,仕事
返済,へんさい,N2,社会
契約先,けいやくさき,N2,仕事
取引,とりひき,N2,仕事
長引く,ながびく,N2,仕事
納期,のうき,N2,仕事
納品,のうひん,N2,仕事
物流,ぶつりゅう,N2,社会
競合,きょうごう,N2,仕事
市場,しじょう,N2,仕事
需要,じゅよう,N2,社会
供給,きょうきゅう,N2,社会
高まる,たかまる,N2,社会
高める,たかめる,N2,仕事
追いつく,おいつく,N2,仕事
関心,かんしん,N2,社会
認識,にんしき,N2,仕事
ずれる,ずれる,N2,時間
ずれ,ずれ,N2,人
矛盾,むじゅん,N2,仕事
曖昧さ,あいまいさ,N2,仕事
前提,ぜんてい,N2,仕事
限度,げんど,N2,様子
妥当,だとう,N2,買い物
公平,こうへい,N2,社会
平等,びょうどう,N2,社会
戦略,せんりゃく,N2,仕事
練る,ねる,N2,仕事
実行,じっこう,N2,仕事
実施,じっし,N2,社会
改革,かいかく,N2,社会
改正,かいせい,N2,社会
廃止,はいし,N2,社会
維持,いじ,N2,仕事
継続,けいぞく,N2,様子
中断,ちゅうだん,N2,仕事
再開,さいかい,N2,仕事
延期,えんき,N2,仕事
中止,ちゅうし,N2,趣味
停滞,ていたい,N2,仕事
話し合い,はなしあい,N2,仕事
話し合う,はなしあう,N2,仕事
連携,れんけい,N2,仕事
強める,つよめる,N2,社会
弱まる,よわまる,N2,自然
体制,たいせい,N2,仕事
上下関係,じょうげかんけい,N2,仕事
悩み,なやみ,N2,人
決断,けつだん,N2,仕事
後悔,こうかい,N2,人
不満,ふまん,N2,仕事
辛抱,しんぼう,N2,様子
根気,こんき,N2,仕事
地球,ちきゅう,N2,自然
宇宙,うちゅう,N2,自然
惑星,わくせい,N2,自然
重力,じゅうりょく,N2,学校
気圧,きあつ,N2,自然
酸素,さんそ,N2,自然
物質,ぶっしつ,N2,学校
化学,かがく,N2,学校
物理,ぶつり,N2,学校
生物,せいぶつ,N2,学校
細胞,さいぼう,N2,学校
遺伝,いでん,N2,学校
進化,しんか,N2,学校
技術者,ぎじゅつしゃ,N2,仕事
発明,はつめい,N2,社会
発見,はっけん,N2,学校
応用,おうよう,N2,仕事
実用,じつよう,N2,仕事
精密,せいみつ,N2,仕事
稼働,かどう,N2,仕事
整備,せいび,N2,街
工事現場,こうじげんば,N2,街
かぶる,かぶる,N2,買い物
文化財,ぶんかざい,N2,街
指定,してい,N2,社会
風習,ふうしゅう,N2,社会
芸術,げいじゅつ,N2,趣味
展示,てんじ,N2,趣味
彫刻,ちょうこく,N2,趣味
絵画,かいが,N2,趣味
舞台,ぶたい,N2,趣味
観客,かんきゃく,N2,趣味
感動,かんどう,N2,趣味
物語,ものがたり,N2,趣味
筋肉痛,きんにくつう,N2,体
心臓,しんぞう,N2,体
胃,い,N2,体
肌,はだ,N2,体
傷,きず,N2,体
ふさがる,ふさがる,N2,交通
かゆい,かゆい,N2,体
だるい,だるい,N2,体
眠気,ねむけ,N2,体
体調,たいちょう,N2,体
健康診断,けんこうしんだん,N2,体
処方,しょほう,N2,体
副作用,ふくさよう,N2,体
発達,はったつ,N2,社会
産業,さんぎょう,N2,社会
貿易,ぼうえき,N2,仕事
国際,こくさい,N2,社会
海外,かいがい,N2,仕事
国内,こくない,N2,趣味
移民,いみん,N2,社会
言語,げんご,N2,学校
方言,ほうげん,N2,社会
欠ける,かける,N2,家
縁,ふち,N2,家
ぶつける,ぶつける,N2,家
ぶつかる,ぶつかる,N2,交通
生地,きじ,N2,買い物
模様,もよう,N2,買い物
縫う,ぬう,N2,家
干す,ほす,N2,家
押し入れ,おしいれ,N2,家
しまう,しまう,N2,家
そろえる,そろえる,N2,家
そろう,そろう,N2,家
炊事,すいじ,N2,食べ物
細かい,こまかい,N2,仕事
香り,かおり,N2,食べ物
余り,あまり,N2,食べ物
産地,さんち,N2,買い物
包装,ほうそう,N2,買い物
袋詰め,ふくろづめ,N2,買い物
隙間,すきま,N2,家
裏側,うらがわ,N2,学校
上方,じょうほう,N2,街
薄暗い,うすぐらい,N2,家
明るさ,あかるさ,N2,仕事
状況,じょうきょう,N2,仕事
報告,ほうこく,N2,仕事
転送先,てんそうさき,N2,仕事
名簿,めいぼ,N2,仕事
除く,のぞく,N2,買い物
含める,ふくめる,N2,仕事
ごと,ごと,N2,食べ物
おしまい,おしまい,N2,仕事
画,が,N2,趣味
難い,がたい,N2,人
がち,がち,N2,仕事
気味,ぎみ,N2,体
行,ぎょう,N2,学校
業,ぎょう,N2,社会
切れ,きれ,N2,買い物
系,けい,N2,学校
圏,けん,N2,社会
校,こう,N2,学校
号,ごう,N2,趣味
毎,ごと,N2,交通
産,さん,N2,買い物
史,し,N2,学校
時間目,じかんめ,N2,学校
室,しつ,N2,仕事
者,しゃ,N2,仕事
社,しゃ,N2,仕事
酒,しゅ,N2,食べ物
集,しゅう,N2,趣味
省,しょう,N2,社会
商,しょう,N2,街
勝,しょう,N2,趣味
条,じょう,N2,社会
場,じょう,N2,仕事
畳,じょう,N2,家
済,ずみ,N2,仕事
沿い,そい,N2,街
だらけ,だらけ,N2,家
団,だん,N2,趣味
着,ちゃく,N2,買い物
庁,ちょう,N2,社会
兆,ちょう,N2,数
長,ちょう,N2,仕事
帳,ちょう,N2,仕事
丁目,ちょうめ,N2,街
通,つう,N2,仕事
遣い,づかい,N2,人
等,とう,N2,趣味
内,ない,N2,学校
年生,ねんせい,N2,学校
発,はつ,N2,交通
番目,ばんめ,N2,位置
病,びょう,N2,体
部,ぶ,N2,仕事
振り,ぶり,N2,時間
弁,べん,N2,社会
歩,ほ,N2,交通
ぽい,ぽい,N2,買い物
みたい,みたい,N2,人
向け,むけ,N2,学校
流,りゅう,N2,学校
力,りょく,N2,体
論,ろん,N2,学校
明くる,あくる,N2,時間
御,おん,N2,仕事
かび,かび,N2,家
共産,きょうさん,N2,社会
現,げん,N2,仕事
小,こ,N2,自然
高,こう,N2,学校
重,じゅう,N2,仕事
初,しょ,N2,人
諸,しょ,N2,仕事
しわ,しわ,N2,買い物
第,だい,N2,社会
短,たん,N2,仕事
低,てい,N2,買い物
ほんの,ほんの,N2,様子
民主,みんしゅ,N2,社会
和,わ,N2,交通
我,わが,N2,仕事
相変わらず,あいかわらず,N2,様子
扇ぐ,あおぐ,N2,動作
青白い,あおじろい,N2,体
呆れる,あきれる,N2,様子
アクセント,アクセント,N2,学校
あくび,あくび,N2,体
明け方,あけがた,N2,時間
朝寝坊,あさねぼう,N2,家
足跡,あしあと,N2,自然
足元,あしもと,N2,位置
温まる,あたたまる,N2,体
あちらこちら,あちらこちら,N2,位置
厚かましい,あつかましい,N2,人
圧縮,あっしゅく,N2,仕事
宛名,あてな,N2,仕事
当てはまる,あてはまる,N2,仕事
当てはめる,あてはめる,N2,仕事
あぶる,あぶる,N2,食べ物
あふれる,あふれる,N2,自然
編み物,あみもの,N2,趣味
危うい,あやうい,N2,様子
怪しい,あやしい,N2,社会
荒い,あらい,N2,自然
粗い,あらい,N2,学校
粗筋,あらすじ,N2,趣味
有難い,ありがたい,N2,人
あれこれ,あれこれ,N2,様子
荒れる,あれる,N2,体
慌ただしい,あわただしい,N2,時間
安易,あんい,N2,仕事
アンテナ,アンテナ,N2,家
言い出す,いいだす,N2,仕事
言い付ける,いいつける,N2,仕事
意義,いぎ,N2,社会
生き生き,いきいき,N2,様子
育児,いくじ,N2,家
幾分,いくぶん,N2,体
生け花,いけばな,N2,趣味
以後,いご,N2,時間
イコール,イコール,N2,買い物
勇ましい,いさましい,N2,人
衣食住,いしょくじゅう,N2,社会
いちいち,いちいち,N2,仕事
一段と,いちだんと,N2,自然
一流,いちりゅう,N2,仕事
一昨日,いっさくじつ,N2,時間
一昨年,いっさくねん,N2,仕事
一斉,いっせい,N2,様子
一旦,いったん,N2,様子
一定,いってい,N2,家
行ってらっしゃい,いってらっしゃい,N2,あいさつ
いってきます,いってきます,N2,あいさつ
移転,いてん,N2,仕事
威張る,いばる,N2,人
嫌がる,いやがる,N2,体
いよいよ,いよいよ,N2,時間
入れ物,いれもの,N2,家
インキ,インキ,N2,持ち物
引力,いんりょく,N2,学校
ウール,ウール,N2,買い物
ウエートレス,ウエートレス,N2,食べ物
植木,うえき,N2,家
浮かべる,うかべる,N2,人
浮く,うく,N2,自然
承る,うけたまわる,N2,仕事
受取,うけとり,N2,仕事
受け持つ,うけもつ,N2,学校
薄める,うすめる,N2,食べ物
打ち消す,うちけす,N2,社会
うどん,うどん,N2,食べ物
うなずく,うなずく,N2,動作
有無,うむ,N2,仕事
埋める,うめる,N2,家
裏返す,うらがえす,N2,食べ物
裏口,うらぐち,N2,家
占う,うらなう,N2,趣味
恨み,うらみ,N2,人
恨む,うらむ,N2,人
羨む,うらやむ,N2,人
売り切れ,うりきれ,N2,買い物
売り切れる,うりきれる,N2,趣味
売れ行き,うれゆき,N2,仕事
うろうろ,うろうろ,N2,街
運河,うんが,N2,街
英文,えいぶん,N2,学校
英和,えいわ,N2,学校
ええと,ええと,N2,あいさつ
液体,えきたい,N2,学校
エチケット,エチケット,N2,社会
絵の具,えのぐ,N2,趣味
エプロン,エプロン,N2,家
宴会,えんかい,N2,仕事
園芸,えんげい,N2,趣味
演劇,えんげき,N2,趣味
円周,えんしゅう,N2,学校
遠足,えんそく,N2,学校
煙突,えんとつ,N2,街
オーケストラ,オーケストラ,N2,趣味
オートメーション,オートメーション,N2,仕事
追いかける,おいかける,N2,動作
追い越す,おいこす,N2,交通
オイル,オイル,N2,交通
王女,おうじょ,N2,趣味
応接,おうせつ,N2,仕事
欧米,おうべい,N2,社会
おおざっぱ,おおざっぱ,N2,仕事
大通り,おおどおり,N2,街
お帰り,おかえり,N2,あいさつ
おかけください,おかけください,N2,あいさつ
おかげさまで,おかげさまで,N2,あいさつ
おかず,おかず,N2,食べ物
おかまいなく,おかまいなく,N2,あいさつ
拝む,おがむ,N2,社会
お代わり,おかわり,N2,食べ物
お気の毒に,おきのどくに,N2,あいさつ
屋外,おくがい,N2,仕事
送り仮名,おくりがな,N2,学校
お元気で,おげんきで,N2,あいさつ
怠る,おこたる,N2,仕事
お先に,おさきに,N2,あいさつ
伯父,おじ,N2,人
叔父,おじ,N2,人
伯父さん,おじさん,N2,人
お邪魔します,おじゃまします,N2,あいさつ
お世話になりました,おせわになりました,N2,あいさつ
お大事に,おだいじに,N2,あいさつ
お出掛け,おでかけ,N2,家
お手伝いさん,おてつだいさん,N2,家
脅かす,おどかす,N2,人
驚かす,おどろかす,N2,人
お願いします,おねがいします,N2,あいさつ
各々,おのおの,N2,仕事
伯母,おば,N2,人
叔母,おば,N2,人
小母さん,おばさん,N2,人
お参り,おまいり,N2,社会
お待たせしました,おまたせしました,N2,あいさつ
お待ちください,おまちください,N2,あいさつ
おめでたい,おめでたい,N2,人
思い掛けない,おもいがけない,N2,様子
思い切り,おもいきり,N2,趣味
思いっきり,おもいっきり,N2,趣味
重たい,おもたい,N2,持ち物
お休み,おやすみ,N2,仕事
おやつ,おやつ,N2,食べ物
親指,おやゆび,N2,体
オルガン,オルガン,N2,趣味
恩恵,おんけい,N2,自然
温室,おんしつ,N2,自然
温帯,おんたい,N2,自然
御中,おんちゅう,N2,仕事
女の人,おんなのひと,N2,人
カーブ,カーブ,N2,交通
開会,かいかい,N2,仕事
会館,かいかん,N2,街
解散,かいさん,N2,社会
海水浴,かいすいよく,N2,趣味
回数券,かいすうけん,N2,交通
解説,かいせつ,N2,趣味
改造,かいぞう,N2,家
開通,かいつう,N2,交通
解答,かいとう,N2,学校
回答,かいとう,N2,仕事
外部,がいぶ,N2,仕事
解放,かいほう,N2,仕事
開放,かいほう,N2,社会
海洋,かいよう,N2,自然
概論,がいろん,N2,学校
家屋,かおく,N2,社会
係わる,かかわる,N2,社会
書留,かきとめ,N2,仕事
書取,かきとり,N2,学校
垣根,かきね,N2,家
限り,かぎり,N2,仕事
架空,かくう,N2,趣味
拡充,かくじゅう,N2,仕事
学術,がくじゅつ,N2,学校
各地,かくち,N2,自然
拡張,かくちょう,N2,街
学年,がくねん,N2,学校
学部,がくぶ,N2,学校
格別,かくべつ,N2,食べ物
確率,かくりつ,N2,学校
学力,がくりょく,N2,学校
掛け算,かけざん,N2,学校
可決,かけつ,N2,社会
火口,かこう,N2,自然
下降,かこう,N2,仕事
飾り,かざり,N2,家
火山,かざん,N2,自然
かしこまりました,かしこまりました,N2,あいさつ
過失,かしつ,N2,社会
果実,かじつ,N2,自然
貸間,かしま,N2,家
貸家,かしや,N2,家
箇所,かしょ,N2,仕事
かじる,かじる,N2,動作
課税,かぜい,N2,社会
カセット,カセット,N2,趣味
下線,かせん,N2,学校
加速,かそく,N2,交通
加速度,かそくど,N2,学校
かたかな,かたかな,N2,学校
かたづく,かたづく,N2,仕事
固まる,かたまる,N2,食べ物
片寄る,かたよる,N2,社会
学科,がっか,N2,学校
学会,がっかい,N2,学校
学級,がっきゅう,N2,学校
担ぐ,かつぐ,N2,動作
括弧,かっこ,N2,学校
活字,かつじ,N2,学校
勝手に,かってに,N2,仕事
活力,かつりょく,N2,人
課程,かてい,N2,学校
仮名,かな,N2,学校
仮名遣い,かなづかい,N2,学校
鐘,かね,N2,街
加熱,かねつ,N2,食べ物
兼ねる,かねる,N2,仕事
過半数,かはんすう,N2,社会
被せる,かぶせる,N2,食べ物
釜,かま,N2,食べ物
構いません,かまいません,N2,あいさつ
紙屑,かみくず,N2,家
神様,かみさま,N2,社会
剃刀,かみそり,N2,体
ガム,ガム,N2,食べ物
貨物,かもつ,N2,交通
カラー,カラー,N2,仕事
からかう,からかう,N2,人
空っぽ,からっぽ,N2,家
かるた,かるた,N2,趣味
カロリー,カロリー,N2,食べ物
可愛がる,かわいがる,N2,家
乾かす,かわかす,N2,体
瓦,かわら,N2,家
感激,かんげき,N2,人
関西,かんさい,N2,社会
元日,がんじつ,N2,時間
鑑賞,かんしょう,N2,趣味
間接,かんせつ,N2,人
観測,かんそく,N2,自然
寒帯,かんたい,N2,自然
勘違い,かんちがい,N2,時間
官庁,かんちょう,N2,社会
乾電池,かんでんち,N2,家
関東,かんとう,N2,社会
観念,かんねん,N2,社会
乾杯,かんぱい,N2,食べ物
冠,かんむり,N2,趣味
漢和,かんわ,N2,学校
着替え,きがえ,N2,買い物
着替える,きがえる,N2,家
機関車,きかんしゃ,N2,交通
飢饉,ききん,N2,社会
器具,きぐ,N2,家
儀式,ぎしき,N2,社会
起床,きしょう,N2,時間
着せる,きせる,N2,家
基礎,きそ,N2,学校
基地,きち,N2,社会
きっかけ,きっかけ,N2,人
ぎっしり,ぎっしり,N2,買い物
基盤,きばん,N2,社会
客席,きゃくせき,N2,趣味
客間,きゃくま,N2,家
キャンパス,キャンパス,N2,学校
休業,きゅうぎょう,N2,買い物
休講,きゅうこう,N2,学校
休息,きゅうそく,N2,仕事
休養,きゅうよう,N2,体
清い,きよい,N2,自然
強化,きょうか,N2,趣味
境界,きょうかい,N2,位置
恐縮,きょうしゅく,N2,あいさつ
曲線,きょくせん,N2,学校
規律,きりつ,N2,学校
金魚,きんぎょ,N2,趣味
クーラー,クーラー,N2,家
区域,くいき,N2,交通
偶数,ぐうすう,N2,数
空想,くうそう,N2,様子
空中,くうちゅう,N2,自然
釘,くぎ,N2,家
区切る,くぎる,N2,学校
櫛,くし,N2,体
くしゃみ,くしゃみ,N2,体
苦心,くしん,N2,仕事
屑,くず,N2,家
崩す,くずす,N2,買い物
薬指,くすりゆび,N2,体
砕く,くだく,N2,食べ物
砕ける,くだける,N2,家
くたびれる,くたびれる,N2,体
くだらない,くだらない,N2,様子
下る,くだる,N2,交通
唇,くちびる,N2,体
口紅,くちべに,N2,買い物
くっつく,くっつく,N2,家
くっつける,くっつける,N2,家
くどい,くどい,N2,人
句読点,くとうてん,N2,学校
区分,くぶん,N2,仕事
組合せ,くみあわせ,N2,趣味
悔やむ,くやむ,N2,人
クリーニング,クリーニング,N2,買い物
くるむ,くるむ,N2,家
郡,ぐん,N2,社会
稽古,けいこ,N2,趣味
蛍光灯,けいこうとう,N2,家
形式,けいしき,N2,仕事
毛糸,けいと,N2,趣味
経度,けいど,N2,学校
系統,けいとう,N2,仕事
芸能,げいのう,N2,趣味
競馬,けいば,N2,趣味
警備,けいび,N2,社会
形容詞,けいようし,N2,学校
形容動詞,けいようどうし,N2,学校
外科,げか,N2,体
毛皮,けがわ,N2,買い物
激増,げきぞう,N2,仕事
下車,げしゃ,N2,交通
下旬,げじゅん,N2,時間
下水,げすい,N2,街
削る,けずる,N2,仕事
桁,けた,N2,数
下駄,げた,N2,買い物
血圧,けつあつ,N2,体
月給,げっきゅう,N2,仕事
傑作,けっさく,N2,趣味
気配,けはい,N2,様子
下品,げひん,N2,人
煙い,けむい,N2,家
原稿,げんこう,N2,仕事
原産,げんさん,N2,自然
原始,げんし,N2,自然
謙遜,けんそん,N2,人
県庁,けんちょう,N2,社会
現に,げんに,N2,社会
顕微鏡,けんびきょう,N2,学校
原理,げんり,N2,学校
原料,げんりょう,N2,仕事
碁,ご,N2,趣味
コーラス,コーラス,N2,趣味
恋しい,こいしい,N2,人
工員,こういん,N2,仕事
強引,ごういん,N2,仕事
公害,こうがい,N2,社会
工芸,こうげい,N2,趣味
交差,こうさ,N2,交通
講師,こうし,N2,学校
公式,こうしき,N2,学校
口実,こうじつ,N2,人
こうして,こうして,N2,接続詞
校舎,こうしゃ,N2,学校
公衆,こうしゅう,N2,社会
香水,こうすい,N2,買い物
公正,こうせい,N2,社会
光線,こうせん,N2,自然
高層,こうそう,N2,街
耕地,こうち,N2,自然
交通機関,こうつうきかん,N2,交通
高度,こうど,N2,交通
高等,こうとう,N2,仕事
合同,ごうどう,N2,仕事
高等学校,こうとうがっこう,N2,学校
鉱物,こうぶつ,N2,自然
公務,こうむ,N2,仕事
紅葉,こうよう,N2,自然
合理,ごうり,N2,仕事
合流,ごうりゅう,N2,交通
効力,こうりょく,N2,買い物
焦がす,こがす,N2,食べ物
国王,こくおう,N2,趣味
国立,こくりつ,N2,学校
ご苦労様,ごくろうさま,N2,あいさつ
焦げる,こげる,N2,食べ物
凍える,こごえる,N2,体
心当たり,こころあたり,N2,様子
腰掛け,こしかけ,N2,家
腰掛ける,こしかける,N2,動作
五十音,ごじゅうおん,N2,学校
こしらえる,こしらえる,N2,食べ物
擦る,こする,N2,体
個体,こたい,N2,学校
こちらこそ,こちらこそ,N2,あいさつ
小遣い,こづかい,N2,家
コック,コック,N2,仕事
古典,こてん,N2,学校
言付ける,ことづける,N2,人
言葉遣い,ことばづかい,N2,仕事
こないだ,こないだ,N2,買い物
御無沙汰,ごぶさた,N2,あいさつ
ゴム,ゴム,N2,家
御免,ごめん,N2,あいさつ
ごめんください,ごめんください,N2,あいさつ
小指,こゆび,N2,体
堪える,こらえる,N2,体
娯楽,ごらく,N2,趣味
御覧,ごらん,N2,仕事
コレクション,コレクション,N2,趣味
転がす,ころがす,N2,動作
転がる,ころがる,N2,趣味
紺,こん,N2,色
コンクール,コンクール,N2,趣味
コンクリート,コンクリート,N2,街
混合,こんごう,N2,学校
コンセント,コンセント,N2,家
献立,こんだて,N2,食べ物
サークル,サークル,N2,学校
在学,ざいがく,N2,学校
再三,さいさん,N2,仕事
祭日,さいじつ,N2,時間
採点,さいてん,N2,学校
災難,さいなん,N2,社会
裁縫,さいほう,N2,趣味
材木,ざいもく,N2,家
サイレン,サイレン,N2,社会
逆さ,さかさ,N2,家
逆様,さかさま,N2,学校
遡る,さかのぼる,N2,仕事
酒場,さかば,N2,街
一昨昨日,さきおととい,N2,時間
先程,さきほど,N2,時間
索引,さくいん,N2,学校
作者,さくしゃ,N2,趣味
削除,さくじょ,N2,仕事
作成,さくせい,N2,仕事
作製,さくせい,N2,仕事
囁く,ささやく,N2,人
刺さる,ささる,N2,体
匙,さじ,N2,食べ物
座敷,ざしき,N2,家
差し支え,さしつかえ,N2,人
差し引き,さしひき,N2,仕事
撮影,さつえい,N2,趣味
雑音,ざつおん,N2,仕事
さっさと,さっさと,N2,仕事
錆,さび,N2,家
座布団,ざぶとん,N2,家
妨げる,さまたげる,N2,家
サラリーマン,サラリーマン,N2,仕事
さわやか,さわやか,N2,自然
三角,さんかく,N2,学校
算数,さんすう,N2,学校
サンプル,サンプル,N2,仕事
山林,さんりん,N2,自然
シーズン,シーズン,N2,交通
シーツ,シーツ,N2,家
仕上がる,しあがる,N2,仕事
明明後日,しあさって,N2,時間
寺院,じいん,N2,街
しいんと,しいんと,N2,様子
自衛,じえい,N2,社会
塩辛,しおから,N2,食べ物
四角い,しかくい,N2,買い物
仕方がない,しかたがない,N2,様子
時間割,じかんわり,N2,学校
茂る,しげる,N2,自然
持参,じさん,N2,仕事
磁石,じしゃく,N2,家
四捨五入,ししゃごにゅう,N2,数
始終,しじゅう,N2,人
自習,じしゅう,N2,学校
静まる,しずまる,N2,自然
姿勢,しせい,N2,体
自然科学,しぜんかがく,N2,学校
時速,じそく,N2,交通
子孫,しそん,N2,社会
死体,したい,N2,社会
下書き,したがき,N2,学校
自宅,じたく,N2,仕事
下町,したまち,N2,街
自治,じち,N2,社会
実感,じっかん,N2,学校
しつこい,しつこい,N2,人
執筆,しっぴつ,N2,仕事
しっぽ,しっぽ,N2,自然
実例,じつれい,N2,仕事
しつれいしました,しつれいしました,N2,あいさつ
失恋,しつれん,N2,人
私鉄,してつ,N2,交通
児童,じどう,N2,社会
縛る,しばる,N2,家
地盤,じばん,N2,社会
しびれる,しびれる,N2,体
紙幣,しへい,N2,趣味
萎む,しぼむ,N2,自然
氏名,しめい,N2,社会
締め切る,しめきる,N2,仕事
しめた,しめた,N2,様子
地面,じめん,N2,自然
ジャーナリスト,ジャーナリスト,N2,仕事
社会科学,しゃかいかがく,N2,学校
しゃがむ,しゃがむ,N2,動作
蛇口,じゃぐち,N2,家
弱点,じゃくてん,N2,人
車庫,しゃこ,N2,家
車掌,しゃしょう,N2,交通
写生,しゃせい,N2,趣味
社説,しゃせつ,N2,社会
しゃっくり,しゃっくり,N2,体
シャッター,シャッター,N2,買い物
しゃぶる,しゃぶる,N2,体
車輪,しゃりん,N2,交通
洒落,しゃれ,N2,人
じゃんけん,じゃんけん,N2,趣味
集会,しゅうかい,N2,社会
住居,じゅうきょ,N2,家
集金,しゅうきん,N2,仕事
集合,しゅうごう,N2,時間
習字,しゅうじ,N2,学校
じゅうたん,じゅうたん,N2,家
終点,しゅうてん,N2,交通
重点,じゅうてん,N2,仕事
就任,しゅうにん,N2,仕事
周辺,しゅうへん,N2,街
重役,じゅうやく,N2,仕事
終了,しゅうりょう,N2,仕事
重量,じゅうりょう,N2,交通
熟語,じゅくご,N2,学校
受験,じゅけん,N2,学校
主語,しゅご,N2,学校
主人,しゅじん,N2,人
出勤,しゅっきん,N2,仕事
述語,じゅつご,N2,学校
寿命,じゅみょう,N2,家
主役,しゅやく,N2,趣味
受話器,じゅわき,N2,家
循環,じゅんかん,N2,体
巡査,じゅんさ,N2,街
純情,じゅんじょう,N2,人
消化,しょうか,N2,体
小学生,しょうがくせい,N2,人
しょうがない,しょうがない,N2,様子
将棋,しょうぎ,N2,趣味
蒸気,じょうき,N2,食べ物
定規,じょうぎ,N2,学校
賞金,しょうきん,N2,趣味
上下,じょうげ,N2,社会
障子,しょうじ,N2,家
商社,しょうしゃ,N2,仕事
乗車,じょうしゃ,N2,交通
上旬,じょうじゅん,N2,時間
商店,しょうてん,N2,街
焦点,しょうてん,N2,仕事
消毒,しょうどく,N2,体
勝敗,しょうはい,N2,趣味
蒸発,じょうはつ,N2,自然
勝負,しょうぶ,N2,趣味
消防署,しょうぼうしょ,N2,社会
正味,しょうみ,N2,仕事
正面,しょうめん,N2,位置
消耗,しょうもう,N2,体
省略,しょうりゃく,N2,仕事
助教授,じょきょうじゅ,N2,学校
食塩,しょくえん,N2,食べ物
職人,しょくにん,N2,仕事
初旬,しょじゅん,N2,時間
書籍,しょせき,N2,学校
食器,しょっき,N2,家
ショップ,ショップ,N2,買い物
書店,しょてん,N2,街
書道,しょどう,N2,趣味
初歩,しょほ,N2,学校
白髪,しらが,N2,体
シリーズ,シリーズ,N2,趣味
私立,しりつ,N2,学校
素人,しろうと,N2,趣味
芯,しん,N2,持ち物
新幹線,しんかんせん,N2,交通
真空,しんくう,N2,食べ物
人事,じんじ,N2,仕事
心身,しんしん,N2,体
人造,じんぞう,N2,自然
寝台,しんだい,N2,交通
侵入,しんにゅう,N2,社会
人文科学,じんぶんかがく,N2,学校
人命,じんめい,N2,社会
森林,しんりん,N2,自然
親類,しんるい,N2,人
神話,しんわ,N2,趣味
酢,す,N2,食べ物
水産,すいさん,N2,社会
水蒸気,すいじょうき,N2,自然
水素,すいそ,N2,学校
推定,すいてい,N2,社会
水滴,すいてき,N2,家
水筒,すいとう,N2,持ち物
随筆,ずいひつ,N2,趣味
水分,すいぶん,N2,体
水平線,すいへいせん,N2,自然
水面,すいめん,N2,自然
水曜,すいよう,N2,時間
図々しい,ずうずうしい,N2,人
ずうっと,ずうっと,N2,時間
末っ子,すえっこ,N2,家
スカーフ,スカーフ,N2,買い物
図鑑,ずかん,N2,学校
隙,すき,N2,趣味
杉,すぎ,N2,自然
好き嫌い,すききらい,N2,食べ物
好き好き,すきずき,N2,食べ物
透き通る,すきとおる,N2,自然
スクール,スクール,N2,学校
図形,ずけい,N2,学校
鈴,すず,N2,家
涼む,すずむ,N2,自然
スチュワーデス,スチュワーデス,N2,交通
すっきり,すっきり,N2,家
ステージ,ステージ,N2,趣味
ストッキング,ストッキング,N2,買い物
ストップ,ストップ,N2,仕事
頭脳,ずのう,N2,学校
スピーカー,スピーカー,N2,家
図表,ずひょう,N2,仕事
スマート,スマート,N2,仕事
住まい,すまい,N2,家
すまない,すまない,N2,あいさつ
相撲,すもう,N2,趣味
スライド,スライド,N2,仕事
ずらす,ずらす,N2,仕事
ずらり,ずらり,N2,家
スリッパ,スリッパ,N2,家
狡い,ずるい,N2,人
寸法,すんぽう,N2,家
姓,せい,N2,人
製作,せいさく,N2,仕事
制作,せいさく,N2,趣味
清書,せいしょ,N2,学校
青少年,せいしょうねん,N2,社会
整数,せいすう,N2,数
清掃,せいそう,N2,社会
生存,せいぞん,N2,自然
政党,せいとう,N2,社会
生年月日,せいねんがっぴ,N2,社会
成分,せいぶん,N2,体
正方形,せいほうけい,N2,学校
正門,せいもん,N2,学校
西暦,せいれき,N2,時間
背負う,せおう,N2,動作
赤道,せきどう,N2,自然
接近,せっきん,N2,自然
接する,せっする,N2,仕事
せっせと,せっせと,N2,仕事
接続,せつぞく,N2,交通
瀬戸物,せともの,N2,家
ぜひとも,ぜひとも,N2,あいさつ
ゼミ,ゼミ,N2,学校
せめて,せめて,N2,人
攻める,せめる,N2,趣味
セメント,セメント,N2,街
台詞,せりふ,N2,趣味
前後,ぜんご,N2,時間
全集,ぜんしゅう,N2,趣味
全身,ぜんしん,N2,体
扇子,せんす,N2,持ち物
先々月,せんせんげつ,N2,時間
先々週,せんせんしゅう,N2,時間
先祖,せんぞ,N2,人
先端,せんたん,N2,位置
センチ,センチ,N2,数
宣伝,せんでん,N2,仕事
先頭,せんとう,N2,位置
全般,ぜんぱん,N2,社会
扇風機,せんぷうき,N2,家
洗面,せんめん,N2,体
全力,ぜんりょく,N2,趣味
相違,そうい,N2,仕事
そういえば,そういえば,N2,接続詞
増減,ぞうげん,N2,仕事
相互,そうご,N2,人
創作,そうさく,N2,趣味
葬式,そうしき,N2,社会
造船,ぞうせん,N2,社会
騒々しい,そうぞうしい,N2,家
増大,ぞうだい,N2,仕事
そうっと,そうっと,N2,動作
草履,ぞうり,N2,買い物
総理大臣,そうりだいじん,N2,社会
属する,ぞくする,N2,社会
続々,ぞくぞく,N2,買い物
速達,そくたつ,N2,仕事
測量,そくりょう,N2,仕事
速力,そくりょく,N2,交通
素質,そしつ,N2,趣味
祖先,そせん,N2,人
そそっかしい,そそっかしい,N2,人
そのころ,そのころ,N2,時間
その他,そのほか,N2,仕事
剃る,そる,N2,体
それなのに,それなのに,N2,接続詞
それなら,それなら,N2,接続詞
それはいけませんね,それはいけませんね,N2,あいさつ
逸れる,それる,N2,仕事
算盤,そろばん,N2,学校
存じる,ぞんじる,N2,仕事
損得,そんとく,N2,仕事
タイア,タイア,N2,交通
だいいち,だいいち,N2,社会
大学院,だいがくいん,N2,学校
大工,だいく,N2,仕事
体系,たいけい,N2,学校
太鼓,たいこ,N2,趣味
対策,たいさく,N2,仕事
大小,だいしょう,N2,家
大層,たいそう,N2,家
体操,たいそう,N2,体
大分,だいぶん,N2,体
大木,たいぼく,N2,自然
題名,だいめい,N2,趣味
代名詞,だいめいし,N2,学校
ダイヤグラム,ダイヤグラム,N2,交通
ダイヤモンド,ダイヤモンド,N2,買い物
ダイヤル,ダイヤル,N2,家
対立,たいりつ,N2,社会
田植え,たうえ,N2,自然
絶えず,たえず,N2,自然
楕円,だえん,N2,家
耕す,たがやす,N2,自然
滝,たき,N2,自然
蓄える,たくわえる,N2,家
竹,たけ,N2,自然
ただいま,ただいま,N2,あいさつ
立ち止まる,たちどまる,N2,動作
脱線,だっせん,N2,仕事
例える,たとえる,N2,人
足袋,たび,N2,買い物
ダブル,ダブル,N2,交通
ダム,ダム,N2,社会
溜息,ためいき,N2,人
ためらう,ためらう,N2,様子
足る,たる,N2,社会
短期,たんき,N2,仕事
炭鉱,たんこう,N2,社会
短所,たんしょ,N2,人
たんす,たんす,N2,家
淡水,たんすい,N2,自然
単数,たんすう,N2,学校
団地,だんち,N2,街
断定,だんてい,N2,仕事
短編,たんぺん,N2,趣味
誓う,ちかう,N2,人
地下水,ちかすい,N2,自然
近々,ちかぢか,N2,時間
近付ける,ちかづける,N2,家
近寄る,ちかよる,N2,社会
力強い,ちからづよい,N2,人
ちぎる,ちぎる,N2,動作
地質,ちしつ,N2,学校
知人,ちじん,N2,人
地帯,ちたい,N2,自然
縮める,ちぢめる,N2,仕事
縮れる,ちぢれる,N2,体
チップ,チップ,N2,交通
地点,ちてん,N2,位置
地名,ちめい,N2,学校
茶色い,ちゃいろい,N2,色
着々,ちゃくちゃく,N2,仕事
中間,ちゅうかん,N2,学校
中旬,ちゅうじゅん,N2,時間
抽象,ちゅうしょう,N2,学校
中世,ちゅうせい,N2,街
中性,ちゅうせい,N2,家
中途,ちゅうと,N2,様子
中年,ちゅうねん,N2,人
チョーク,チョーク,N2,学校
超過,ちょうか,N2,交通
長所,ちょうしょ,N2,人
長女,ちょうじょ,N2,家
調整,ちょうせい,N2,仕事
調節,ちょうせつ,N2,家
長短,ちょうたん,N2,仕事
頂点,ちょうてん,N2,社会
長男,ちょうなん,N2,家
長方形,ちょうほうけい,N2,学校
直線,ちょくせん,N2,学校
直通,ちょくつう,N2,交通
直流,ちょくりゅう,N2,学校
貯蔵,ちょぞう,N2,家
直角,ちょっかく,N2,学校
散らかす,ちらかす,N2,家
散らかる,ちらかる,N2,家
塵紙,ちりがみ,N2,持ち物
追加,ついか,N2,買い物
ついで,ついで,N2,買い物
通貨,つうか,N2,社会
通知,つうち,N2,学校
通用,つうよう,N2,交通
突き当たり,つきあたり,N2,位置
突き当たる,つきあたる,N2,仕事
月日,つきひ,N2,時間
次ぐ,つぐ,N2,仕事
伝わる,つたわる,N2,社会
突っ込む,つっこむ,N2,動作
繋がり,つながり,N2,社会
繋がる,つながる,N2,仕事
粒,つぶ,N2,食べ物
潰す,つぶす,N2,食べ物
潰れる,つぶれる,N2,社会
つまずく,つまずく,N2,体
爪,つめ,N2,体
艶,つや,N2,買い物
強気,つよき,N2,仕事
釣り合う,つりあう,N2,買い物
吊す,つるす,N2,家
手洗い,てあらい,N2,街
定員,ていいん,N2,仕事
停止,ていし,N2,交通
停車,ていしゃ,N2,交通
出入り,でいり,N2,街
出入口,でいりぐち,N2,社会
手入れ,ていれ,N2,家
出来上がり,できあがり,N2,仕事
出来上がる,できあがる,N2,仕事
的確,てきかく,N2,仕事
手首,てくび,N2,体
凸凹,でこぼこ,N2,交通
弟子,でし,N2,仕事
でたらめ,でたらめ,N2,人
手帳,てちょう,N2,持ち物
鉄橋,てっきょう,N2,交通
鉄砲,てっぽう,N2,社会
テニスコート,テニスコート,N2,趣味
手拭い,てぬぐい,N2,持ち物
出迎え,でむかえ,N2,交通
照らす,てらす,N2,自然
展開,てんかい,N2,趣味
点数,てんすう,N2,学校
伝染,でんせん,N2,体
電柱,でんちゅう,N2,街
点々,てんてん,N2,自然
天皇,てんのう,N2,社会
電波,でんぱ,N2,仕事
テンポ,テンポ,N2,趣味
電流,でんりゅう,N2,学校
どういたしまして,どういたしまして,N2,あいさつ
統一,とういつ,N2,仕事
同格,どうかく,N2,仕事
峠,とうげ,N2,自然
動作,どうさ,N2,動作
東西,とうざい,N2,社会
投書,とうしょ,N2,社会
登場,とうじょう,N2,趣味
灯台,とうだい,N2,街
盗難,とうなん,N2,社会
透明,とうめい,N2,家
灯油,とうゆ,N2,家
東洋,とうよう,N2,趣味
童話,どうわ,N2,趣味
通り掛かる,とおりかかる,N2,街
溶かす,とかす,N2,食べ物
尖る,とがる,N2,持ち物
どきどき,どきどき,N2,体
特殊,とくしゅ,N2,仕事
特色,とくしょく,N2,買い物
特定,とくてい,N2,社会
特売,とくばい,N2,買い物
溶け込む,とけこむ,N2,学校
退ける,どける,N2,家
床の間,とこのま,N2,家
所々,ところどころ,N2,家
都心,としん,N2,街
戸棚,とだな,N2,家
どっと,どっと,N2,体
留まる,とどまる,N2,交通
怒鳴る,どなる,N2,人
殿,どの,N2,仕事
飛び込む,とびこむ,N2,趣味
捕える,とらえる,N2,仕事
丼,どんぶり,N2,食べ物
内科,ないか,N2,体
内線,ないせん,N2,仕事
ナイロン,ナイロン,N2,買い物
仲直り,なかなおり,N2,人
中指,なかゆび,N2,体
仲良し,なかよし,N2,人
慰める,なぐさめる,N2,人
為す,なす,N2,仕事
謎謎,なぞなぞ,N2,趣味
傾らか,なだらか,N2,街
懐かしい,なつかしい,N2,人
撫でる,なでる,N2,動作
何々,なになに,N2,仕事
何分,なにぶん,N2,あいさつ
生意気,なまいき,N2,人
並木,なみき,N2,街
南極,なんきょく,N2,自然
なんとなく,なんとなく,N2,様子
何とも,なんとも,N2,食べ物
ナンバー,ナンバー,N2,交通
南米,なんべい,N2,趣味
南北,なんぼく,N2,位置
匂う,におう,N2,家
逃がす,にがす,N2,自然
憎い,にくい,N2,人
憎む,にくむ,N2,人
憎らしい,にくらしい,N2,趣味
にこにこ,にこにこ,N2,人
濁る,にごる,N2,自然
虹,にじ,N2,自然
日時,にちじ,N2,時間
入社,にゅうしゃ,N2,仕事
女房,にょうぼう,N2,人
睨む,にらむ,N2,人
俄,にわか,N2,自然
ねじ,ねじ,N2,家
捩る,ねじる,N2,動作
ネックレス,ネックレス,N2,買い物
熱する,ねっする,N2,食べ物
寝間着,ねまき,N2,家
狙い,ねらい,N2,仕事
年度,ねんど,N2,仕事
農産物,のうさんぶつ,N2,社会
農村,のうそん,N2,社会
濃度,のうど,N2,学校
農薬,のうやく,N2,自然
のこぎり,のこぎり,N2,家
残らず,のこらず,N2,食べ物
上り,のぼり,N2,交通
糊,のり,N2,学校
乗り換え,のりかえ,N2,交通
乗り越し,のりこし,N2,交通
呑気,のんき,N2,人
はい,はい,N2,あいさつ
灰色,はいいろ,N2,色
俳句,はいく,N2,趣味
売店,ばいてん,N2,買い物
バイバイ,バイバイ,N2,あいさつ
売買,ばいばい,N2,仕事
這う,はう,N2,動作
剥す,はがす,N2,家
ばからしい,ばからしい,N2,人
秤,はかり,N2,食べ物
吐き気,はきけ,N2,体
歯車,はぐるま,N2,仕事
バケツ,バケツ,N2,家
挟まる,はさまる,N2,体
挟む,はさむ,N2,学校
梯子,はしご,N2,家
始めに,はじめに,N2,仕事
斜,はす,N2,学校
肌着,はだぎ,N2,買い物
鉢,はち,N2,家
発揮,はっき,N2,趣味
バック,バック,N2,交通
発電,はつでん,N2,社会
発売,はつばい,N2,買い物
話し掛ける,はなしかける,N2,人
話中,はなしちゅう,N2,仕事
甚だしい,はなはだしい,N2,仕事
花火,はなび,N2,趣味
花嫁,はなよめ,N2,人
ばね,ばね,N2,家
跳ねる,はねる,N2,食べ物
破片,はへん,N2,家
歯磨き,はみがき,N2,体
はめる,はめる,N2,買い物
早口,はやくち,N2,人
払い込む,はらいこむ,N2,学校
払い戻す,はらいもどす,N2,買い物
針金,はりがね,N2,家
張り切る,はりきる,N2,仕事
反映,はんえい,N2,仕事
半径,はんけい,N2,学校
万歳,ばんざい,N2,社会
判事,はんじ,N2,社会
反省,はんせい,N2,仕事
番地,ばんち,N2,社会
パンツ,パンツ,N2,買い物
バンド,バンド,N2,趣味
半島,はんとう,N2,自然
ハンドル,ハンドル,N2,交通
日当たり,ひあたり,N2,家
比較的,ひかくてき,N2,自然
ぴかぴか,ぴかぴか,N2,買い物
引き返す,ひきかえす,N2,交通
引算,ひきざん,N2,学校
引き止める,ひきとめる,N2,仕事
卑怯,ひきょう,N2,人
肘,ひじ,N2,体
ピストル,ピストル,N2,趣味
ビタミン,ビタミン,N2,体
ぴたり,ぴたり,N2,様子
引っ掛かる,ひっかかる,N2,家
引っ繰り返す,ひっくりかえす,N2,家
引っ繰り返る,ひっくりかえる,N2,家
引っ込む,ひっこむ,N2,体
筆者,ひっしゃ,N2,学校
必需品,ひつじゅひん,N2,交通
人差指,ひとさしゆび,N2,体
一通り,ひととおり,N2,仕事
人通り,ひとどおり,N2,街
ひとまず,ひとまず,N2,様子
瞳,ひとみ,N2,体
一休み,ひとやすみ,N2,仕事
独り言,ひとりごと,N2,人
ビニール,ビニール,N2,買い物
皮肉,ひにく,N2,人
日にち,ひにち,N2,時間
捻る,ひねる,N2,家
日の入り,ひのいり,N2,自然
日の出,ひので,N2,自然
響き,ひびき,N2,街
響く,ひびく,N2,趣味
皮膚,ひふ,N2,体
美容,びよう,N2,体
表紙,ひょうし,N2,学校
標準,ひょうじゅん,N2,仕事
標本,ひょうほん,N2,学校
評論,ひょうろん,N2,趣味
ビルディング,ビルディング,N2,街
昼寝,ひるね,N2,家
広さ,ひろさ,N2,家
広場,ひろば,N2,街
広々,ひろびろ,N2,家
ピンク,ピンク,N2,色
便箋,びんせん,N2,持ち物
瓶詰,びんづめ,N2,買い物
ファスナー,ファスナー,N2,買い物
風船,ふうせん,N2,趣味
不運,ふうん,N2,社会
深まる,ふかまる,N2,自然
不規則,ふきそく,N2,体
普及,ふきゅう,N2,社会
付近,ふきん,N2,街
複写,ふくしゃ,N2,仕事
複数,ふくすう,N2,仕事
膨らます,ふくらます,N2,趣味
膨らむ,ふくらむ,N2,食べ物
不潔,ふけつ,N2,体
更ける,ふける,N2,時間
夫妻,ふさい,N2,人
塞ぐ,ふさぐ,N2,家
ふざける,ふざける,N2,学校
無沙汰,ぶさた,N2,あいさつ
武士,ぶし,N2,社会
部首,ぶしゅ,N2,学校
襖,ふすま,N2,家
付属,ふぞく,N2,学校
不通,ふつう,N2,交通
物騒,ぶっそう,N2,社会
船便,ふなびん,N2,交通
吹雪,ふぶき,N2,自然
父母,ふぼ,N2,家
踏切,ふみきり,N2,交通
麓,ふもと,N2,自然
フライパン,フライパン,N2,食べ物
ブラウス,ブラウス,N2,買い物
ぶらさげる,ぶらさげる,N2,持ち物
ブラシ,ブラシ,N2,家
プラットホーム,プラットホーム,N2,交通
フリー,フリー,N2,趣味
振り仮名,ふりがな,N2,学校
振り向く,ふりむく,N2,動作
プリント,プリント,N2,学校
古里,ふるさと,N2,家
振舞う,ふるまう,N2,人
ブローチ,ブローチ,N2,買い物
プログラム,プログラム,N2,仕事
風呂敷,ふろしき,N2,持ち物
ふわふわ,ふわふわ,N2,食べ物
分解,ぶんかい,N2,仕事
文芸,ぶんげい,N2,趣味
文献,ぶんけん,N2,学校
噴水,ふんすい,N2,街
分数,ぶんすう,N2,数
文体,ぶんたい,N2,学校
分布,ぶんぷ,N2,社会
文房具,ぶんぼうぐ,N2,買い物
文脈,ぶんみゃく,N2,学校
分量,ぶんりょう,N2,食べ物
分類,ぶんるい,N2,学校
閉会,へいかい,N2,仕事
並行,へいこう,N2,仕事
兵隊,へいたい,N2,社会
平凡,へいぼん,N2,様子
平野,へいや,N2,自然
凹む,へこむ,N2,交通
へそ,へそ,N2,体
隔てる,へだてる,N2,家
別荘,べっそう,N2,家
別々,べつべつ,N2,買い物
ベテラン,ベテラン,N2,仕事
ヘリコプター,ヘリコプター,N2,社会
編集,へんしゅう,N2,仕事
便所,べんじょ,N2,家
ペンチ,ペンチ,N2,家
ボーナス,ボーナス,N2,仕事
望遠鏡,ぼうえんきょう,N2,趣味
方角,ほうがく,N2,位置
箒,ほうき,N2,家
坊さん,ぼうさん,N2,社会
法則,ほうそく,N2,学校
包帯,ほうたい,N2,体
膨大,ぼうだい,N2,仕事
方程式,ほうていしき,N2,学校
防犯,ぼうはん,N2,社会
方面,ほうめん,N2,交通
坊や,ぼうや,N2,家
放る,ほうる,N2,仕事
朗らか,ほがらか,N2,人
牧畜,ぼくちく,N2,社会
ポスター,ポスター,N2,街
北極,ほっきょく,N2,自然
坊っちゃん,ぼっちゃん,N2,人
解く,ほどく,N2,動作
掘る,ほる,N2,家
彫る,ほる,N2,趣味
ぼろ,ぼろ,N2,家
盆,ぼん,N2,家
盆地,ぼんち,N2,自然
本部,ほんぶ,N2,仕事
本来,ほんらい,N2,仕事
まあまあ,まあまあ,N2,食べ物
枚数,まいすう,N2,仕事
毎度,まいど,N2,あいさつ
まごまご,まごまご,N2,様子
摩擦,まさつ,N2,学校
まざる,まざる,N2,趣味
マスク,マスク,N2,体
跨ぐ,またぐ,N2,動作
待合室,まちあいしつ,N2,体
待ち合わせる,まちあわせる,N2,人
街角,まちかど,N2,街
真っ暗,まっくら,N2,家
真っ黒,まっくろ,N2,体
真っ青,まっさお,N2,体
真っ先,まっさき,N2,学校
真っ白,まっしろ,N2,自然
祭る,まつる,N2,社会
真似る,まねる,N2,学校
まぶた,まぶた,N2,体
マラソン,マラソン,N2,趣味
回り道,まわりみち,N2,交通
満員,まんいん,N2,交通
マンション,マンション,N2,家
満点,まんてん,N2,学校
見上げる,みあげる,N2,動作
見下ろす,みおろす,N2,位置
見掛け,みかけ,N2,人
三日月,みかづき,N2,自然
岬,みさき,N2,自然
みじめ,みじめ,N2,人
ミシン,ミシン,N2,趣味
自ら,みずから,N2,仕事
水着,みずぎ,N2,買い物
店屋,みせや,N2,街
見出し,みだし,N2,社会
道順,みちじゅん,N2,交通
見詰める,みつめる,N2,人
見慣れる,みなれる,N2,自然
醜い,みにくい,N2,人
身分,みぶん,N2,社会
見舞う,みまう,N2,人
未満,みまん,N2,社会
ミリ,ミリ,N2,数
民間,みんかん,N2,社会
民謡,みんよう,N2,趣味
無限,むげん,N2,時間
無地,むじ,N2,買い物
蒸し暑い,むしあつい,N2,自然
無数,むすう,N2,自然
紫,むらさき,N2,色
群れ,むれ,N2,自然
姪,めい,N2,人
名作,めいさく,N2,趣味
迷信,めいしん,N2,社会
銘々,めいめい,N2,食べ物
恵まれる,めぐまれる,N2,人
巡る,めぐる,N2,趣味
目下,めした,N2,人
目印,めじるし,N2,位置
めちゃくちゃ,めちゃくちゃ,N2,家
めっきり,めっきり,N2,自然
めでたい,めでたい,N2,人
メニュー,メニュー,N2,食べ物
めまい,めまい,N2,体
免税,めんぜい,N2,交通
モーター,モーター,N2,仕事
儲かる,もうかる,N2,仕事
儲ける,もうける,N2,仕事
木材,もくざい,N2,仕事
目次,もくじ,N2,学校
潜る,もぐる,N2,趣味
もしかしたら,もしかしたら,N2,自然
もたれる,もたれる,N2,動作
モダン,モダン,N2,街
餅,もち,N2,食べ物
元々,もともと,N2,街
物置,ものおき,N2,家
物語る,ものがたる,N2,人
物差し,ものさし,N2,学校
物凄い,ものすごい,N2,自然
モノレール,モノレール,N2,交通
揉む,もむ,N2,体
催し,もよおし,N2,社会
問答,もんどう,N2,学校
役者,やくしゃ,N2,趣味
役所,やくしょ,N2,社会
役人,やくにん,N2,社会
薬品,やくひん,N2,仕事
役目,やくめ,N2,仕事
火傷,やけど,N2,体
夜行,やこう,N2,交通
矢印,やじるし,N2,位置
やっつける,やっつける,N2,仕事
やっぱり,やっぱり,N2,交通
家主,やぬし,N2,家
破く,やぶく,N2,学校
やむをえない,やむをえない,N2,仕事
遊園地,ゆうえんち,N2,趣味
夕刊,ゆうかん,N2,社会
郵送,ゆうそう,N2,仕事
夕立,ゆうだち,N2,自然
夕日,ゆうひ,N2,自然
悠々,ゆうゆう,N2,様子
浴衣,ゆかた,N2,買い物
行方,ゆくえ,N2,交通
湯気,ゆげ,N2,食べ物
輸血,ゆけつ,N2,体
輸送,ゆそう,N2,仕事
湯飲み,ゆのみ,N2,家
緩い,ゆるい,N2,買い物
溶岩,ようがん,N2,自然
容器,ようき,N2,家
用語,ようご,N2,仕事
容積,ようせき,N2,学校
幼稚,ようち,N2,人
幼稚園,ようちえん,N2,学校
用途,ようと,N2,仕事
洋品店,ようひんてん,N2,買い物
養分,ようぶん,N2,自然
羊毛,ようもう,N2,買い物
要領,ようりょう,N2,仕事
欲張り,よくばり,N2,人
よこす,よこす,N2,仕事
よごす,よごす,N2,家
余所,よそ,N2,人
四つ角,よつかど,N2,交通
酔っ払い,よっぱらい,N2,街
呼び出す,よびだす,N2,仕事
蘇る,よみがえる,N2,人
来日,らいにち,N2,交通
落第,らくだい,N2,学校
ラッシュアワー,ラッシュアワー,N2,交通
ランチ,ランチ,N2,食べ物
ランニング,ランニング,N2,趣味
乱暴,らんぼう,N2,仕事
理科,りか,N2,学校
利害,りがい,N2,仕事
リズム,リズム,N2,体
リットル,リットル,N2,数
リポート,リポート,N2,学校
リボン,リボン,N2,買い物
略す,りゃくす,N2,仕事
流域,りゅういき,N2,自然
漁師,りょうし,N2,仕事
領事,りょうじ,N2,社会
領収,りょうしゅう,N2,仕事
零点,れいてん,N2,学校
冷凍,れいとう,N2,食べ物
レインコート,レインコート,N2,買い物
レジャー,レジャー,N2,趣味
列島,れっとう,N2,自然
煉瓦,れんが,N2,街
連合,れんごう,N2,仕事
レンズ,レンズ,N2,持ち物
ローマ字,ローマじ,N2,学校
ろうそく,ろうそく,N2,家
録音,ろくおん,N2,学校
ロッカー,ロッカー,N2,交通
ロビー,ロビー,N2,交通
和英,わえい,N2,学校
若々しい,わかわかしい,N2,人
和服,わふく,N2,買い物
割合に,わりあいに,N2,自然
割算,わりざん,N2,学校
ワンピース,ワンピース,N2,買い物
応ずる,おうずる,N2,仕事
感ずる,かんずる,N2,様子
生ずる,しょうずる,N2,仕事
信ずる,しんずる,N2,人
存ずる,ぞんずる,N2,仕事
通ずる,つうずる,N2,交通
命ずる,めいずる,N2,仕事
論ずる,ろんずる,N2,社会
ウーマン,ウーマン,N2,社会
ギャング,ギャング,N2,趣味
琴,きん,N2,趣味
缶詰,かんづめ,N2,食べ物
小便,しょうべん,N2,社会
レクリェーション,レクリェーション,N2,仕事
百科事典,ひゃっかじてん,N2,学校
順々,じゅんじゅん,N2,仕事
行っていらっしゃい,いっていらっしゃい,N2,あいさつ
いってまいります,いってまいります,N2,あいさつ
おまちどおさま,おまちどおさま,N2,あいさつ
扱う,あつかう,N3,仕事
預かる,あずかる,N3,動作
与える,あたえる,N3,動作
表す,あらわす,N3,動作
現れる,あらわれる,N3,自然
争う,あらそう,N3,社会
改める,あらためる,N3,仕事
諦め,あきらめ,N3,様子
憧れる,あこがれる,N3,様子
味わう,あじわう,N3,食べ物
暴れる,あばれる,N3,動作
甘やかす,あまやかす,N3,人
編む,あむ,N3,趣味
謝る,あやまる,N3,人
至る,いたる,N3,仕事
祈る,いのる,N3,人
祝う,いわう,N3,人
植わる,うわる,N3,自然
疑う,うたがう,N3,動作
訴える,うったえる,N3,体
移す,うつす,N3,動作
移る,うつる,N3,仕事
映る,うつる,N3,自然
埋まる,うまる,N3,様子
敬う,うやまう,N3,人
描く,えがく,N3,趣味
得る,える,N3,仕事
追う,おう,N3,動作
覆う,おおう,N3,自然
補う,おぎなう,N3,仕事
収める,おさめる,N3,仕事
抑える,おさえる,N3,仕事
劣る,おとる,N3,仕事
及ぶ,およぶ,N3,社会
抱える,かかえる,N3,仕事
輝く,かがやく,N3,自然
限る,かぎる,N3,仕事
隠す,かくす,N3,動作
隠れる,かくれる,N3,自然
重なる,かさなる,N3,仕事
稼ぐ,かせぐ,N3,仕事
傾く,かたむく,N3,家
叶う,かなう,N3,様子
我慢強い,がまんづよい,N3,様子
通り過ぎる,とおりすぎる,N3,交通
枯らす,からす,N3,自然
感謝する,かんしゃする,N3,人
完成する,かんせいする,N3,仕事
乾燥する,かんそうする,N3,自然
効く,きく,N3,体
刻む,きざむ,N3,食べ物
築く,きずく,N3,人
気づく,きづく,N3,動作
組む,くむ,N3,仕事
配布する,はいふする,N3,仕事
崩れる,くずれる,N3,自然
加える,くわえる,N3,食べ物
加わる,くわわる,N3,仕事
心得る,こころえる,N3,仕事
断わり,ことわり,N3,仕事
好む,このむ,N3,様子
探る,さぐる,N3,仕事
支える,ささえる,N3,人
指す,さす,N3,動作
避ける,さける,N3,交通
騒ぐ,さわぐ,N3,社会
触る,さわる,N3,動作
敷く,しく,N3,家
沈黙,ちんもく,N3,様子
従う,したがう,N3,社会
示す,しめす,N3,仕事
占める,しめる,N3,社会
救う,すくう,N3,人
優れる,すぐれる,N3,仕事
進める,すすめる,N3,仕事
勧める,すすめる,N3,買い物
捨て場,すてば,N3,家
備える,そなえる,N3,社会
揃う,そろう,N3,仕事
倒す,たおす,N3,自然
確かめる,たしかめる,N3,交通
訪れる,おとずれる,N3,趣味
戦う,たたかう,N3,体
畳む,たたむ,N3,家
経つ,たつ,N3,時間
建てる,たてる,N3,街
貯まる,たまる,N3,仕事
試す,ためす,N3,仕事
近づく,ちかづく,N3,時間
縮む,ちぢむ,N3,買い物
散る,ちる,N3,自然
捕まえる,つかまえる,N3,動作
疲れ,つかれ,N3,体
突く,つく,N3,動作
努める,つとめる,N3,仕事
繋ぐ,つなぐ,N3,仕事
詰める,つめる,N3,仕事
積む,つむ,N3,交通
釣る,つる,N3,趣味
適する,てきする,N3,自然
届け出,とどけで,N3,社会
整う,ととのう,N3,仕事
泊める,とめる,N3,家
取り消す,とりけす,N3,買い物
直接,ちょくせつ,N3,副詞
眺め,ながめ,N3,自然
流す,ながす,N3,家
殴る,なぐる,N3,社会
悩む,なやむ,N3,様子
慣らす,ならす,N3,体
握る,にぎる,N3,動作
逃げる,にげる,N3,社会
煮える,にえる,N3,食べ物
抜ける,ぬける,N3,体
塗り直す,ぬりなおす,N3,家
狙う,ねらう,N3,学校
残業代,ざんぎょうだい,N3,仕事
述べる,のべる,N3,仕事
伸びる,のびる,N3,仕事
伸ばす,のばす,N3,仕事
登る,のぼる,N3,趣味
測定,そくてい,N3,体
果たす,はたす,N3,人
外す,はずす,N3,動作
外れる,はずれる,N3,様子
働き,はたらき,N3,体
離す,はなす,N3,人
省く,はぶく,N3,仕事
腫れる,はれる,N3,体
引き出す,ひきだす,N3,仕事
冷やかす,ひやかす,N3,人
広がる,ひろがる,N3,社会
広げる,ひろげる,N3,動作
含む,ふくむ,N3,買い物
防ぐ,ふせぐ,N3,社会
振る,ふる,N3,動作
震える,ふるえる,N3,体
減らす,へらす,N3,体
褒める,ほめる,N3,学校
任す,まかす,N3,仕事
曲がり角,まがりかど,N3,位置
混じる,まじる,N3,食べ物
招く,まねく,N3,仕事
守り,まもり,N3,社会
満ちる,みちる,N3,様子
認める,みとめる,N3,人
見直す,みなおす,N3,仕事
迎え,むかえ,N3,交通
結び,むすび,N3,仕事
命じる,めいじる,N3,仕事
目立つ,めだつ,N3,様子
申す,もうす,N3,人
燃やす,もやす,N3,家
雇う,やとう,N3,仕事
破る,やぶる,N3,人
破れる,やぶれる,N3,買い物
許可証,きょかしょう,N3,社会
譲る,ゆずる,N3,交通
茹でる,ゆでる,N3,食べ物
揺れる,ゆれる,N3,社会
寄せる,よせる,N3,家
喜び合う,よろこびあう,N3,人
別れ,わかれ,N3,人
沸かす,わかす,N3,家
割り,わり,N3,買い物
相手,あいて,N3,仕事
意見交換,いけんこうかん,N3,仕事
以降,いこう,N3,時間
一致,いっち,N3,仕事
一方,いっぽう,N3,仕事
印象,いんしょう,N3,人
内側,うちがわ,N3,位置
外側,そとがわ,N3,位置
売上,うりあげ,N3,仕事
運,うん,N3,様子
影響力,えいきょうりょく,N3,社会
応援,おうえん,N3,人
応対,おうたい,N3,仕事
大家,おおや,N3,家
表側,おもてがわ,N3,位置
温度計,おんどけい,N3,自然
回数,かいすう,N3,数
外見,がいけん,N3,人
改善,かいぜん,N3,仕事
開発,かいはつ,N3,仕事
価格,かかく,N3,買い物
係,かかり,N3,仕事
各自,かくじ,N3,仕事
角度,かくど,N3,様子
家事,かじ,N3,家
課題,かだい,N3,仕事
価値,かち,N3,様子
活動,かつどう,N3,趣味
活躍,かつやく,N3,仕事
金持ち,かねもち,N3,人
我慢,がまん,N3,様子
感覚,かんかく,N3,体
間隔,かんかく,N3,交通
看板,かんばん,N3,街
管理,かんり,N3,仕事
議論,ぎろん,N3,仕事
基本,きほん,N3,学校
記憶,きおく,N3,様子
期限,きげん,N3,仕事
疑問,ぎもん,N3,学校
逆,ぎゃく,N3,様子
給与,きゅうよ,N3,仕事
教養,きょうよう,N3,学校
協力,きょうりょく,N3,仕事
距離,きょり,N3,位置
金額,きんがく,N3,買い物
苦労,くろう,N3,人
訓練,くんれん,N3,社会
傾向,けいこう,N3,社会
経過,けいか,N3,体
敬意,けいい,N3,人
欠点,けってん,N3,人
決定,けってい,N3,仕事
検査,けんさ,N3,体
現在,げんざい,N3,時間
現実,げんじつ,N3,様子
効率,こうりつ,N3,仕事
交流,こうりゅう,N3,社会
構造,こうぞう,N3,社会
行動,こうどう,N3,様子
個人,こじん,N3,社会
混雑,こんざつ,N3,交通
最中,さいちゅう,N3,仕事
作業員,さぎょういん,N3,仕事
差,さ,N3,様子
参加者,さんかしゃ,N3,社会
賛成,さんせい,N3,仕事
資格,しかく,N3,仕事
支給,しきゅう,N3,仕事
事情,じじょう,N3,人
自信,じしん,N3,様子
実際,じっさい,N3,様子
実験,じっけん,N3,学校
収入,しゅうにゅう,N3,仕事
支出,ししゅつ,N3,仕事
就職活動,しゅうしょくかつどう,N3,仕事
周囲,しゅうい,N3,位置
習慣付け,しゅうかんづけ,N3,様子
主張,しゅちょう,N3,仕事
手段,しゅだん,N3,交通
出身,しゅっしん,N3,人
順調,じゅんちょう,N3,仕事
消費,しょうひ,N3,社会
証明,しょうめい,N3,社会
将来性,しょうらいせい,N3,仕事
職業,しょくぎょう,N3,仕事
職場,しょくば,N3,仕事
信頼,しんらい,N3,人
進歩,しんぽ,N3,学校
人物,じんぶつ,N3,趣味
制限,せいげん,N3,交通
成功,せいこう,N3,仕事
生産,せいさん,N3,仕事
性質,せいしつ,N3,仕事
精神,せいしん,N3,体
整理,せいり,N3,家
設備,せつび,N3,社会
選択,せんたく,N3,様子
専門,せんもん,N3,学校
想像,そうぞう,N3,様子
相当,そうとう,N3,副詞
損,そん,N3,買い物
存在,そんざい,N3,人
対象,たいしょう,N3,買い物
態度,たいど,N3,人
代表,だいひょう,N3,仕事
多少,たしょう,N3,副詞
立場,たちば,N3,人
単位,たんい,N3,学校
担当,たんとう,N3,仕事
知識,ちしき,N3,学校
注目,ちゅうもく,N3,社会
調査,ちょうさ,N3,仕事
直後,ちょくご,N3,時間
直前,ちょくぜん,N3,時間
通勤,つうきん,N3,交通
都合,つごう,N3,仕事
提案,ていあん,N3,仕事
程度,ていど,N3,学校
手間,てま,N3,食べ物
当日,とうじつ,N3,時間
当然,とうぜん,N3,様子
独立,どくりつ,N3,仕事
努力家,どりょくか,N3,人
内容物,ないようぶつ,N3,買い物
仲間,なかま,N3,人
日程,にってい,N3,仕事
人間,にんげん,N3,人
燃料,ねんりょう,N3,交通
能率,のうりつ,N3,仕事
場面,ばめん,N3,趣味
判断,はんだん,N3,仕事
範囲,はんい,N3,学校
比較,ひかく,N3,仕事
筆記,ひっき,N3,学校
表現,ひょうげん,N3,学校
表面,ひょうめん,N3,家
物価,ぶっか,N3,社会
部分,ぶぶん,N3,学校
分野,ぶんや,N3,仕事
平均,へいきん,N3,学校
変更,へんこう,N3,仕事
方向,ほうこう,N3,位置
方針,ほうしん,N3,仕事
募集,ぼしゅう,N3,仕事
魅力,みりょく,N3,街
命令,めいれい,N3,仕事
面積,めんせき,N3,家
目標,もくひょう,N3,学校
文句,もんく,N3,仕事
役割,やくわり,N3,仕事
家賃,やちん,N3,家
優先,ゆうせん,N3,社会
余裕,よゆう,N3,時間
利益,りえき,N3,仕事
理想,りそう,N3,様子
流行,りゅうこう,N3,買い物
両側,りょうがわ,N3,位置
例外,れいがい,N3,社会
連絡先,れんらくさき,N3,仕事
話題,わだい,N3,趣味
明らか,あきらか,N3,様子
新た,あらた,N3,仕事
意外,いがい,N3,様子
偉い,えらい,N3,様子
惜しい,おしい,N3,様子
恐ろしい,おそろしい,N3,様子
大人しい,おとなしい,N3,様子
賢い,かしこい,N3,様子
厳重,げんじゅう,N3,社会
幸運,こううん,N3,様子
盛ん,さかん,N3,社会
様々,さまざま,N3,社会
幸せ,しあわせ,N3,様子
重大,じゅうだい,N3,仕事
柔軟,じゅうなん,N3,仕事
純粋,じゅんすい,N3,様子
上品,じょうひん,N3,様子
丈夫,じょうぶ,N3,様子
深刻,しんこく,N3,社会
慎重,しんちょう,N3,人
素直,すなお,N3,人
正常,せいじょう,N3,体
贅沢,ぜいたく,N3,食べ物
率直,そっちょく,N3,仕事
退屈さ,たいくつさ,N3,様子
平気,へいき,N3,様子
豊か,ゆたか,N3,自然
稀,まれ,N3,自然
見事,みごと,N3,趣味
無駄,むだ,N3,仕事
面倒臭い,めんどうくさい,N3,様子
厄介,やっかい,N3,仕事
愉快,ゆかい,N3,人
要するに,ようするに,N3,副詞
余計,よけい,N3,様子
楽々,らくらく,N3,仕事
冷静,れいせい,N3,人
わがまま,わがまま,N3,人
あいにく,あいにく,N3,副詞
あくまで,あくまで,N3,副詞
案外,あんがい,N3,副詞
いきなり,いきなり,N3,副詞
いずれ,いずれ,N3,副詞
一応,いちおう,N3,副詞
一斉に,いっせいに,N3,副詞
今にも,いまにも,N3,副詞
却って,かえって,N3,副詞
必ずしも,かならずしも,N3,副詞
けっして,けっして,N3,副詞
さすが,さすが,N3,副詞
至急,しきゅう,N3,仕事
次第に,しだいに,N3,副詞
しばらく,しばらく,N3,副詞
少なくとも,すくなくとも,N3,副詞
すでに,すでに,N3,副詞
せっかく,せっかく,N3,副詞
絶対に,ぜったいに,N3,副詞
そのうち,そのうち,N3,副詞
たいした,たいした,N3,様子
たった,たった,N3,副詞
直ちに,ただちに,N3,副詞
たとえ,たとえ,N3,副詞
ついに,ついに,N3,副詞
つい,つい,N3,副詞
できるだけ,できるだけ,N3,副詞
どうしても,どうしても,N3,副詞
とうとう,とうとう,N3,副詞
時々刻々,じじこっこく,N3,副詞
ともかく,ともかく,N3,副詞
なお,なお,N3,副詞
なかなか,なかなか,N3,副詞
何しろ,なにしろ,N3,副詞
のんびり,のんびり,N3,副詞
果たして,はたして,N3,副詞
ぴったり,ぴったり,N3,副詞
再び,ふたたび,N3,副詞
別に,べつに,N3,副詞
ほぼ,ほぼ,N3,副詞
まさか,まさか,N3,副詞
まして,まして,N3,副詞
まったく,まったく,N3,副詞
むしろ,むしろ,N3,副詞
めったに,めったに,N3,副詞
もしも,もしも,N3,副詞
もはや,もはや,N3,副詞
やがて,やがて,N3,副詞
ようやく,ようやく,N3,副詞
わざと,わざと,N3,副詞
割と,わりと,N3,副詞
あるいは,あるいは,N3,接続詞
従って,したがって,N3,接続詞
そこで,そこで,N3,接続詞
それでも,それでも,N3,接続詞
ただし,ただし,N3,接続詞
なぜなら,なぜなら,N3,接続詞
ところが,ところが,N3,接続詞
一方で,いっぽうで,N3,接続詞
部署,ぶしょ,N3,仕事
業界,ぎょうかい,N3,仕事
交渉,こうしょう,N3,仕事
在庫,ざいこ,N3,仕事
材料,ざいりょう,N3,仕事
金庫,きんこ,N3,仕事
倉庫,そうこ,N3,仕事
保管,ほかん,N3,仕事
記録,きろく,N3,仕事
合計,ごうけい,N3,買い物
消費者,しょうひしゃ,N3,社会
企業,きぎょう,N3,仕事
地元,じもと,N3,街
農業,のうぎょう,N3,社会
工業,こうぎょう,N3,社会
商業,しょうぎょう,N3,社会
漁業,ぎょぎょう,N3,社会
港,みなと,N3,街
牧場,ぼくじょう,N3,自然
田んぼ,たんぼ,N3,自然
畑,はたけ,N3,自然
収穫,しゅうかく,N3,自然
資源,しげん,N3,社会
石油,せきゆ,N3,社会
電力,でんりょく,N3,社会
ごみ箱,ごみばこ,N3,家
再利用,さいりよう,N3,社会
汚染,おせん,N3,社会
温暖化,おんだんか,N3,社会
被害,ひがい,N3,社会
復旧,ふっきゅう,N3,社会
支援,しえん,N3,社会
寄付,きふ,N3,社会
募金,ぼきん,N3,社会
福祉,ふくし,N3,社会
保険,ほけん,N3,社会
年金,ねんきん,N3,社会
選挙,せんきょ,N3,社会
政府,せいふ,N3,社会
議員,ぎいん,N3,社会
裁判,さいばん,N3,社会
犯罪,はんざい,N3,社会
証拠,しょうこ,N3,社会
記者,きしゃ,N3,仕事
取材,しゅざい,N3,仕事
発表,はっぴょう,N3,学校
論文,ろんぶん,N3,学校
講義,こうぎ,N3,学校
教授,きょうじゅ,N3,学校
進路,しんろ,N3,学校
奨学金,しょうがくきん,N3,学校
学費,がくひ,N3,学校
実習,じっしゅう,N3,学校
成績,せいせき,N3,学校
学期,がっき,N3,学校
アイデア,アイデア,N3,仕事
イメージ,イメージ,N3,仕事
エネルギー,エネルギー,N3,社会
オフィス,オフィス,N3,仕事
グループ,グループ,N3,仕事
コース,コース,N3,学校
サービス,サービス,N3,仕事
システム,システム,N3,仕事
スタート,スタート,N3,仕事
ストレス,ストレス,N3,体
スピード,スピード,N3,仕事
チーム,チーム,N3,仕事
データ,データ,N3,仕事
テーマ,テーマ,N3,学校
パーセント,パーセント,N3,数
バランス,バランス,N3,様子
プラン,プラン,N3,趣味
ボランティア,ボランティア,N3,社会
メンバー,メンバー,N3,仕事
ルール,ルール,N3,社会
レベル,レベル,N3,学校
コミュニケーション,コミュニケーション,N3,仕事
インタビュー,インタビュー,N3,仕事
アドバイス,アドバイス,N3,学校
チャンス,チャンス,N3,様子
リーダー,リーダー,N3,仕事
マナー,マナー,N3,社会
スケジュール,スケジュール,N3,仕事
ポイント,ポイント,N3,仕事
ミス,ミス,N3,仕事
モデル,モデル,N3,買い物
レンタル,レンタル,N3,交通
ロボット,ロボット,N3,仕事
リサイクル,リサイクル,N3,社会
パターン,パターン,N3,仕事
トップ,トップ,N3,仕事
プロ,プロ,N3,仕事
導入,どうにゅう,N3,仕事
節約,せつやく,N3,仕事
応じる,おうじる,N3,仕事
対応する,たいおうする,N3,仕事
苦情,くじょう,N3,仕事
依頼する,いらいする,N3,仕事
担当する,たんとうする,N3,仕事
実行する,じっこうする,N3,仕事
実現する,じつげんする,N3,様子
検討する,けんとうする,N3,仕事
評価する,ひょうかする,N3,仕事
改良する,かいりょうする,N3,仕事
応募する,おうぼする,N3,仕事
採用する,さいようする,N3,仕事
変換する,へんかんする,N3,仕事
接続する,せつぞくする,N3,仕事
保存する,ほぞんする,N3,仕事
削除する,さくじょする,N3,仕事
入力する,にゅうりょくする,N3,仕事
印刷する,いんさつする,N3,仕事
整理する,せいりする,N3,仕事
分類する,ぶんるいする,N3,家
区別する,くべつする,N3,学校
共通する,きょうつうする,N3,仕事
関する,かんする,N3,社会
記事,きじ,N3,社会
要求する,ようきゅうする,N3,仕事
許可する,きょかする,N3,社会
禁止する,きんしする,N3,社会
中止する,ちゅうしする,N3,趣味
延期する,えんきする,N3,社会
予測する,よそくする,N3,仕事
予想,よそう,N3,様子
期待する,きたいする,N3,仕事
後悔する,こうかいする,N3,様子
反省する,はんせいする,N3,様子
緊張する,きんちょうする,N3,様子
集中する,しゅうちゅうする,N3,学校
感動する,かんどうする,N3,趣味
納得する,なっとくする,N3,仕事
理解する,りかいする,N3,学校
暗記する,あんきする,N3,学校
翻訳者,ほんやくしゃ,N3,仕事
通訳,つうやく,N3,仕事
招待状,しょうたいじょう,N3,人
祝日,しゅくじつ,N3,時間
平日,へいじつ,N3,時間
深夜,しんや,N3,時間
早朝,そうちょう,N3,時間
翌日,よくじつ,N3,時間
前日,ぜんじつ,N3,時間
年末,ねんまつ,N3,時間
年始,ねんし,N3,時間
月末,げつまつ,N3,仕事
週明け,しゅうあけ,N3,仕事
期間中,きかんちゅう,N3,社会
入場,にゅうじょう,N3,趣味
会場,かいじょう,N3,趣味
席順,せきじゅん,N3,社会
案内所,あんないじょ,N3,街
案内図,あんないず,N3,街
順路,じゅんろ,N3,趣味
出口専用,でぐちせんよう,N3,街
扉,とびら,N3,交通
階段下,かいだんした,N3,家
敷地,しきち,N3,仕事
面する,めんする,N3,家
位置,いち,N3,位置
中央,ちゅうおう,N3,位置
端,はし,N3,位置
底,そこ,N3,持ち物
奥,おく,N3,位置
手前,てまえ,N3,位置
裏,うら,N3,位置
斜め,ななめ,N3,位置
真ん中,まんなか,N3,位置
周り,まわり,N3,位置
沿う,そう,N3,位置
越える,こえる,N3,数
超す,こす,N3,自然
気温,きおん,N3,自然
数える程,かぞえるほど,N3,数
上回る,うわまわる,N3,仕事
下回る,したまわる,N3,仕事
増加,ぞうか,N3,仕事
減少,げんしょう,N3,社会
上昇,じょうしょう,N3,社会
低下,ていか,N3,自然
最大,さいだい,N3,仕事
最小,さいしょう,N3,社会
最高,さいこう,N3,自然
最低,さいてい,N3,数
以前,いぜん,N3,時間
今後,こんご,N3,時間
当分,とうぶん,N3,時間
永久,えいきゅう,N3,時間
瞬間,しゅんかん,N3,時間
間もなく,まもなく,N3,交通
時期,じき,N3,仕事
時代,じだい,N3,時間
世代,せだい,N3,社会
年代,ねんだい,N3,社会
世紀,せいき,N3,社会
伝統,でんとう,N3,社会
習わし,ならわし,N3,社会
礼儀,れいぎ,N3,社会
作法,さほう,N3,社会
雰囲気,ふんいき,N3,様子
熱気,ねっき,N3,趣味
拍手,はくしゅ,N3,趣味
歓迎,かんげい,N3,仕事
送別,そうべつ,N3,仕事
忘年会,ぼうねんかい,N3,仕事
打ち合わせ,うちあわせ,N3,仕事
締め切り日,しめきりび,N3,仕事
進行,しんこう,N3,仕事
完了,かんりょう,N3,仕事
手続き,てつづき,N3,社会
窓口,まどぐち,N3,社会
順序,じゅんじょ,N3,仕事
段階,だんかい,N3,仕事
仕上げ,しあげ,N3,仕事
完璧,かんぺき,N3,様子
不足,ふそく,N3,仕事
過剰,かじょう,N3,仕事
適切,てきせつ,N3,仕事
不適切,ふてきせつ,N3,仕事
有効,ゆうこう,N3,交通
無効,むこう,N3,交通
可能,かのう,N3,仕事
不可能,ふかのう,N3,仕事
必要性,ひつようせい,N3,社会
相談相手,そうだんあいて,N3,人
味方,みかた,N3,人
敵,てき,N3,様子
油断,ゆだん,N3,様子
注意力,ちゅういりょく,N3,体
体力,たいりょく,N3,体
筋肉,きんにく,N3,体
呼吸,こきゅう,N3,体
落ち着く,おちつく,N3,様子
疲労,ひろう,N3,体
回復,かいふく,N3,体
治療,ちりょう,N3,体
症状,しょうじょう,N3,体
予防,よぼう,N3,体
衛生,えいせい,N3,家
清潔,せいけつ,N3,様子
快適,かいてき,N3,家
不便,ふべん,N3,家
設定,せってい,N3,家
表示,ひょうじ,N3,仕事
機能,きのう,N3,仕事
性能,せいのう,N3,仕事
品質,ひんしつ,N3,仕事
数量,すうりょう,N3,仕事
見積もり,みつもり,N3,仕事
請求,せいきゅう,N3,仕事
領収書,りょうしゅうしょ,N3,仕事
代金,だいきん,N3,買い物
支払い,しはらい,N3,買い物
振り込み,ふりこみ,N3,仕事
手数料,てすうりょう,N3,仕事
料金,りょうきん,N3,買い物
入会,にゅうかい,N3,社会
会員,かいいん,N3,買い物
更新,こうしん,N3,社会
免許,めんきょ,N3,交通
登録,とうろく,N3,社会
申請,しんせい,N3,学校
審査,しんさ,N3,社会
結論,けつろん,N3,仕事
議題,ぎだい,N3,仕事
司会,しかい,N3,仕事
出席者,しゅっせきしゃ,N3,仕事
議事録,ぎじろく,N3,仕事
補足,ほそく,N3,仕事
要点,ようてん,N3,仕事
まとめ,まとめ,N3,学校
まとめる,まとめる,N3,仕事
まとまる,まとまる,N3,仕事
分ける,わける,N3,家
分かれる,わかれる,N3,仕事
組み立てる,くみたてる,N3,家
取り付ける,とりつける,N3,家
取り外す,とりはずす,N3,家
差し込む,さしこむ,N3,家
コード,コード,N3,家
回す,まわす,N3,仕事
回る,まわる,N3,人
巻く,まく,N3,買い物
マフラー,マフラー,N3,買い物
覆いかぶさる,おおいかぶさる,N3,自然
積もる,つもる,N3,自然
溶ける,とける,N3,自然
凍る,こおる,N3,自然
蒸す,むす,N3,食べ物
炒める,いためる,N3,食べ物
揚げる,あげる,N3,食べ物
盛る,もる,N3,食べ物
注ぐ,そそぐ,N3,食べ物
冷ます,さます,N3,食べ物
腐る,くさる,N3,食べ物
新鮮,しんせん,N3,食べ物
賞味期限,しょうみきげん,N3,買い物
栄養素,えいようそ,N3,体
糖分,とうぶん,N3,体
塩分,えんぶん,N3,体
食生活,しょくせいかつ,N3,体
規則的,きそくてき,N3,体
寝不足,ねぶそく,N3,体
睡眠,すいみん,N3,体
目覚まし,めざまし,N3,家
合わせる,あわせる,N3,動作
寝坊,ねぼう,N3,学校
日課,にっか,N3,体
趣,おもむき,N3,街
景観,けいかん,N3,街
名物,めいぶつ,N3,趣味
特産,とくさん,N3,趣味
郷土,きょうど,N3,食べ物
故郷,こきょう,N3,人
帰省,きせい,N3,時間
往来,おうらい,N3,交通
交通量,こうつうりょう,N3,交通
歩行者,ほこうしゃ,N3,交通
標識,ひょうしき,N3,交通
道路,どうろ,N3,交通
路線,ろせん,N3,交通
経路,けいろ,N3,交通
目的地,もくてきち,N3,交通
到着,とうちゃく,N3,交通
出発,しゅっぱつ,N3,交通
乗客,じょうきゃく,N3,交通
車内,しゃない,N3,交通
混み具合,こみぐあい,N3,交通
具合,ぐあい,N3,体
ひどい,ひどい,N3,様子
激しい,はげしい,N3,自然
緩やか,ゆるやか,N3,位置
坂,さか,N3,位置
急激,きゅうげき,N3,自然
徐々に,じょじょに,N3,副詞
一気に,いっきに,N3,副詞
同時に,どうじに,N3,副詞
交互に,こうごに,N3,交通
順に,じゅんに,N3,副詞
逆に,ぎゃくに,N3,副詞
主に,おもに,N3,副詞
共に,ともに,N3,副詞
互いに,たがいに,N3,人
助け合う,たすけあう,N3,人
近所,きんじょ,N3,人
付き合い,つきあい,N3,人
人間関係,にんげんかんけい,N3,人
信用,しんよう,N3,人
嘘,うそ,N3,人
秘密,ひみつ,N3,人
うわさ,うわさ,N3,社会
冗談,じょうだん,N3,人
気にする,きにする,N3,様子
気になる,きになる,N3,様子
気が付く,きがつく,N3,様子
気をつける,きをつける,N3,様子
役に立つ,やくにたつ,N3,様子
間に合わせる,まにあわせる,N3,仕事
何とか,なんとか,N3,副詞
思い出,おもいで,N3,趣味
思い出す,おもいだす,N3,様子
思いつく,おもいつく,N3,仕事
思い込む,おもいこむ,N3,様子
ふと,ふと,N3,副詞
次第,しだい,N3,様子
限界,げんかい,N3,体
努力次第,どりょくしだい,N3,学校
自身,じしん,N3,社会
本人,ほんにん,N3,人
他人,たにん,N3,人
全員,ぜんいん,N3,人
半数,はんすう,N3,数
多数,たすう,N3,社会
少数,しょうすう,N3,社会
個々,ここ,N3,社会
それぞれ,それぞれ,N3,仕事
どちらも,どちらも,N3,様子
いずれも,いずれも,N3,仕事
条件,じょうけん,N3,仕事
満たす,みたす,N3,仕事
欠かす,かかす,N3,体
備え,そなえ,N3,社会
用心,ようじん,N3,社会
心がける,こころがける,N3,体
取り組む,とりくむ,N3,仕事
やり方,やりかた,N3,仕事
やり直す,やりなおす,N3,仕事
やり遂げる,やりとげる,N3,仕事
引き続き,ひきつづき,N3,仕事
改めて,あらためて,N3,仕事
一層,いっそう,N3,副詞
更に,さらに,N3,副詞
少しずつ,すこしずつ,N3,仕事
日ごとに,ひごとに,N3,時間
愛情,あいじょう,N3,人
感情,かんじょう,N3,人
表情,ひょうじょう,N3,人
態勢,たいせい,N3,仕事
受け入れる,うけいれる,N3,仕事
受け取る,うけとる,N3,仕事
差し出す,さしだす,N3,仕事
手渡す,てわたす,N3,仕事
届け先,とどけさき,N3,仕事
宛先,あてさき,N3,仕事
件名,けんめい,N3,仕事
本文,ほんぶん,N3,仕事
添付,てんぷ,N3,仕事
返信,へんしん,N3,仕事
転送,てんそう,N3,仕事
署名欄,しょめいらん,N3,仕事
欄,らん,N3,仕事
記入,きにゅう,N3,社会
訂正,ていせい,N3,仕事
修正,しゅうせい,N3,仕事
確定,かくてい,N3,仕事
未定,みてい,N3,仕事
予備,よび,N3,持ち物
代わり,かわり,N3,仕事
代わる,かわる,N3,交通
担う,になう,N3,社会
未来,みらい,N3,時間
過去,かこ,N3,時間
現代,げんだい,N3,社会
近代,きんだい,N3,社会
歴史的,れきしてき,N3,街
文明,ぶんめい,N3,社会
学ぶ,まなぶ,N3,学校
教わる,おそわる,N3,家
身につける,みにつける,N3,仕事
上達,じょうたつ,N3,学校
復習,ふくしゅう,N3,学校
予習,よしゅう,N3,学校
課外,かがい,N3,学校
部活,ぶかつ,N3,学校
先輩,せんぱい,N3,人
後輩,こうはい,N3,人
同級生,どうきゅうせい,N3,人
久しぶり,ひさしぶり,N3,時間
相談に乗る,そうだんにのる,N3,人
励ます,はげます,N3,人
落ち込む,おちこむ,N3,様子
立ち直る,たちなおる,N3,様子
我慢比べ,がまんくらべ,N3,様子
競争,きょうそう,N3,仕事
勝つ,かつ,N3,趣味
負ける,まける,N3,趣味
引き分け,ひきわけ,N3,趣味
優勝,ゆうしょう,N3,趣味
選手,せんしゅ,N3,趣味
監督,かんとく,N3,趣味
指示,しじ,N3,仕事
練習量,れんしゅうりょう,N3,趣味
記録的,きろくてき,N3,自然
暑さ,あつさ,N3,自然
寒さ,さむさ,N3,自然
日差し,ひざし,N3,自然
日陰,ひかげ,N3,自然
風通し,かぜとおし,N3,家
換気,かんき,N3,家
湿度,しつど,N3,自然
乾燥,かんそう,N3,自然
洗剤,せんざい,N3,家
雑巾,ぞうきん,N3,家
拭く,ふく,N3,家
磨き,みがき,N3,家
洗面所,せんめんじょ,N3,家
浴室,よくしつ,N3,家
排水,はいすい,N3,家
詰まる,つまる,N3,家
漏れる,もれる,N3,家
修繕,しゅうぜん,N3,家
賃貸,ちんたい,N3,家
敷金,しききん,N3,家
契約書,けいやくしょ,N3,仕事
解約,かいやく,N3,仕事
更新料,こうしんりょう,N3,家
入居,にゅうきょ,N3,家
退去,たいきょ,N3,家
隣近所,となりきんじょ,N3,人
騒音,そうおん,N3,社会
苦情処理,くじょうしょり,N3,仕事
処理,しょり,N3,社会
分別,ぶんべつ,N3,家
回収,かいしゅう,N3,社会
行う,おこなう,N3,仕事
説明会,せつめいかい,N3,仕事
見学,けんがく,N3,学校
体験,たいけん,N3,趣味
感想文,かんそうぶん,N3,学校
作文,さくぶん,N3,学校
文字,もじ,N3,学校
符号,ふごう,N3,学校
記号,きごう,N3,学校
単語,たんご,N3,学校
語彙,ごい,N3,学校
初級,しょきゅう,N3,学校
中級,ちゅうきゅう,N3,学校
上級,じょうきゅう,N3,学校
教材,きょうざい,N3,学校
問題集,もんだいしゅう,N3,学校
正解,せいかい,N3,学校
誤り,あやまり,N3,仕事
見落とす,みおとす,N3,仕事
見比べる,みくらべる,N3,仕事
案,あん,N3,仕事
検索,けんさく,N3,学校
参照,さんしょう,N3,仕事
該当,がいとう,N3,仕事
項目,こうもく,N3,仕事
一覧,いちらん,N3,仕事
見本,みほん,N3,仕事
実物,じつぶつ,N3,買い物
試着,しちゃく,N3,買い物
在庫切れ,ざいこぎれ,N3,買い物
入荷,にゅうか,N3,買い物
発送,はっそう,N3,買い物
梱包,こんぽう,N3,仕事
取扱,とりあつかい,N3,仕事
説明書,せつめいしょ,N3,仕事
保証,ほしょう,N3,買い物
交換,こうかん,N3,仕事
無償,むしょう,N3,買い物
有料,ゆうりょう,N3,交通
無料,むりょう,N3,社会
割増,わりまし,N3,交通
深夜料金,しんやりょうきん,N3,交通
格安,かくやす,N3,交通
高級,こうきゅう,N3,買い物
庶民的,しょみんてき,N3,買い物
評判通り,ひょうばんどおり,N3,食べ物
通り,とおり,N3,街
商店街,しょうてんがい,N3,街
屋台,やたい,N3,趣味
行列,ぎょうれつ,N3,街
待ち時間,まちじかん,N3,時間
順番待ち,じゅんばんまち,N3,街
札,ふだ,N3,街
呼び出し,よびだし,N3,街
順調さ,じゅんちょうさ,N3,仕事
予想外,よそうがい,N3,様子
想定,そうてい,N3,仕事
最悪,さいあく,N3,様子
万一,まんいち,N3,社会
念のため,ねんのため,N3,仕事
確認事項,かくにんじこう,N3,仕事
挙げる,あげる,N3,仕事
述べ方,のべかた,N3,仕事
工夫,くふう,N3,仕事
心構え,こころがまえ,N3,仕事
覚悟,かくご,N3,様子
決意,けつい,N3,仕事
意欲,いよく,N3,仕事
合図,あいず,N3,人
空き,あき,N3,仕事
跡,あと,N3,家
汚れ,よごれ,N3,家
穴,あな,N3,買い物
泡,あわ,N3,家
息,いき,N3,体
勢い,いきおい,N3,自然
糸口,いとぐち,N3,仕事
井戸,いど,N3,街
岩,いわ,N3,自然
上着,うわぎ,N3,買い物
枝,えだ,N3,自然
煙,けむり,N3,家
炎,ほのお,N3,社会
塊,かたまり,N3,食べ物
粉,こな,N3,食べ物
小麦,こむぎ,N3,自然
豆,まめ,N3,食べ物
実,み,N3,自然
種,たね,N3,自然
まく,まく,N3,自然
根,ね,N3,自然
葉,は,N3,自然
皮,かわ,N3,食べ物
むく,むく,N3,食べ物
缶,かん,N3,買い物
瓶,びん,N3,家
蓋,ふた,N3,家
栓,せん,N3,家
紐,ひも,N3,家
綱,つな,N3,交通
棒,ぼう,N3,家
杖,つえ,N3,体
車椅子,くるまいす,N3,社会
手すり,てすり,N3,社会
段差,だんさ,N3,社会
通り道,とおりみち,N3,社会
避難所,ひなんじょ,N3,社会
防災,ぼうさい,N3,社会
停電,ていでん,N3,社会
断水,だんすい,N3,社会
復旧作業,ふっきゅうさぎょう,N3,社会
救助,きゅうじょ,N3,社会
現場,げんば,N3,社会
隊,たい,N3,社会
警報,けいほう,N3,社会
注意報,ちゅういほう,N3,社会
予報,よほう,N3,自然
晴天,せいてん,N3,自然
曇天,どんてん,N3,自然
梅雨,つゆ,N3,自然
猛暑,もうしょ,N3,自然
寒波,かんぱ,N3,自然
洪水,こうずい,N3,社会
津波,つなみ,N3,社会
噴火,ふんか,N3,社会
災害,さいがい,N3,社会
被災地,ひさいち,N3,社会
義援金,ぎえんきん,N3,社会
募る,つのる,N3,社会
呼びかける,よびかける,N3,社会
節電,せつでん,N3,社会
省エネ,しょうエネ,N3,家
家電,かでん,N3,家
買い替える,かいかえる,N3,買い物
中古,ちゅうこ,N3,買い物
新品,しんぴん,N3,買い物
型,かた,N3,買い物
最新,さいしん,N3,仕事
旧型,きゅうがた,N3,買い物
操作方法,そうさほうほう,N3,仕事
使用,しよう,N3,仕事
利用者,りようしゃ,N3,社会
人手,ひとで,N3,仕事
手不足,てぶそく,N3,仕事
労働,ろうどう,N3,社会
労働者,ろうどうしゃ,N3,社会
雇用,こよう,N3,社会
待遇,たいぐう,N3,仕事
福利,ふくり,N3,仕事
充実,じゅうじつ,N3,様子
休暇,きゅうか,N3,仕事
有給,ゆうきゅう,N3,仕事
勤務,きんむ,N3,仕事
交代,こうたい,N3,仕事
当番,とうばん,N3,学校
日誌,にっし,N3,仕事
報告書,ほうこくしょ,N3,仕事
企画,きかく,N3,仕事
営業時間,えいぎょうじかん,N3,買い物
定休日,ていきゅうび,N3,買い物
臨時,りんじ,N3,買い物
貸し出し,かしだし,N3,学校
返却,へんきゃく,N3,学校
延長,えんちょう,N3,学校
予約制,よやくせい,N3,買い物
当日券,とうじつけん,N3,趣味
前売り,まえうり,N3,趣味
満席,まんせき,N3,食べ物
空席,くうせき,N3,交通
指定席,していせき,N3,交通
自由席,じゆうせき,N3,交通
改札口,かいさつぐち,N3,交通
乗り場,のりば,N3,交通
東口,ひがしぐち,N3,交通
終電,しゅうでん,N3,交通
始発,しはつ,N3,交通
運賃,うんちん,N3,交通
定期券,ていきけん,N3,交通
払い戻し,はらいもどし,N3,買い物
手荷物,てにもつ,N3,交通
預かり所,あずかりじょ,N3,交通
時差,じさ,N3,交通
入国,にゅうこく,N3,交通
出国,しゅっこく,N3,交通
両替,りょうがえ,N3,交通
税関,ぜいかん,N3,交通
旅券,りょけん,N3,交通
航空,こうくう,N3,交通
問い合わせる,といあわせる,N3,仕事
問い合わせ,といあわせ,N3,仕事
窓口業務,まどぐちぎょうむ,N3,仕事
業務,ぎょうむ,N3,仕事
引き継ぎ,ひきつぎ,N3,仕事
引き継ぐ,ひきつぐ,N3,仕事
研修,けんしゅう,N3,仕事
新人,しんじん,N3,仕事
指導,しどう,N3,仕事
育成,いくせい,N3,仕事
力を入れる,ちからをいれる,N3,仕事
実績,じっせき,N3,仕事
目安,めやす,N3,仕事
基準,きじゅん,N3,仕事
水準,すいじゅん,N3,仕事
規模,きぼ,N3,仕事
拡大,かくだい,N3,仕事
縮小,しゅくしょう,N3,仕事
事業,じぎょう,N3,仕事
投資,とうし,N3,仕事
資金,しきん,N3,仕事
開業,かいぎょう,N3,仕事
閉店,へいてん,N3,買い物
開店,かいてん,N3,買い物
経営,けいえい,N3,仕事
経営者,けいえいしゃ,N3,仕事
従業員,じゅうぎょういん,N3,仕事
顧客,こきゃく,N3,仕事
売り上げ目標,うりあげもくひょう,N3,仕事
達成,たっせい,N3,仕事
成長,せいちょう,N3,人
衰える,おとろえる,N3,体
年を取る,としをとる,N3,体
高齢,こうれい,N3,社会
介護,かいご,N3,社会
看病,かんびょう,N3,体
付き添う,つきそう,N3,体
見舞い,みまい,N3,人
退院祝い,たいいんいわい,N3,人
あらためて,あらためて,N3,仕事
いっそう,いっそう,N3,自然
いまさら,いまさら,N3,様子
うんと,うんと,N3,様子
おおよそ,おおよそ,N3,仕事
およそ,およそ,N3,交通
おそらく,おそらく,N3,自然
かえって,かえって,N3,様子
ぎりぎり,ぎりぎり,N3,時間
くれぐれも,くれぐれも,N3,様子
けっこう,けっこう,N3,買い物
こっそり,こっそり,N3,様子
さっそく,さっそく,N3,仕事
しばしば,しばしば,N3,交通
じっと,じっと,N3,様子
しみじみ,しみじみ,N3,様子
ずいぶん,ずいぶん,N3,体
せいぜい,せいぜい,N3,時間
たいして,たいして,N3,買い物
たしか,たしか,N3,時間
たちまち,たちまち,N3,買い物
だいぶ,だいぶ,N3,体
ついでに,ついでに,N3,買い物
できれば,できれば,N3,時間
どうせ,どうせ,N3,様子
とっくに,とっくに,N3,仕事
とにかく,とにかく,N3,仕事
なんとか,なんとか,N3,仕事
はきはき,はきはき,N3,仕事
ばったり,ばったり,N3,人
ひとりでに,ひとりでに,N3,家
ぶつぶつ,ぶつぶつ,N3,人
ますます,ますます,N3,自然
やたらに,やたらに,N3,体
わずか,わずか,N3,時間
したがって,したがって,N3,仕事
そのため,そのため,N3,交通
垂直,すいちょく,N3,学校
水平,すいへい,N3,家
体積,たいせき,N3,学校
直径,ちょっけい,N3,家
厚さ,あつさ,N3,家
薄さ,うすさ,N3,家
深さ,ふかさ,N3,自然
幅,はば,N3,交通
高さ,たかさ,N3,家
速さ,はやさ,N3,体
計る,はかる,N3,体
人数,にんずう,N3,仕事
率,りつ,N3,学校
統計,とうけい,N3,社会
分析,ぶんせき,N3,仕事
根拠,こんきょ,N3,社会
事実,じじつ,N3,社会
真実,しんじつ,N3,社会
うそ,うそ,N3,人
内緒,ないしょ,N3,人
噂,うわさ,N3,人
折れる,おれる,N3,自然
中身,なかみ,N3,仕事
泥,どろ,N3,自然
埃,ほこり,N3,家
錆びる,さびる,N3,家
傷む,いたむ,N3,食べ物
冷める,さめる,N3,食べ物
炊く,たく,N3,食べ物
焼ける,やける,N3,食べ物
味付け,あじつけ,N3,食べ物
調味料,ちょうみりょう,N3,食べ物
鋭い,するどい,N3,仕事
鈍い,にぶい,N3,体
騒がしい,さわがしい,N3,家
等しい,ひとしい,N3,学校
険しい,けわしい,N3,自然
羨ましい,うらやましい,N3,人
頼もしい,たのもしい,N3,人
やかましい,やかましい,N3,社会
だらしない,だらしない,N3,人
みっともない,みっともない,N3,人
もったいない,もったいない,N3,家
物足りない,ものたりない,N3,食べ物
申し訳ない,もうしわけない,N3,仕事
数々,かずかず,N3,仕事
乗り越える,のりこえる,N3,仕事
取り出す,とりだす,N3,買い物
取り入れる,とりいれる,N3,仕事
取り上げる,とりあげる,N3,仕事
迫る,せまる,N3,仕事
書き直す,かきなおす,N3,学校
言い直す,いいなおす,N3,人
思い付く,おもいつく,N3,仕事
思い切って,おもいきって,N3,仕事
深呼吸,しんこきゅう,N3,体
落ち着き,おちつき,N3,人
慌てる,あわてる,N3,様子
焦る,あせる,N3,様子
のろのろ,のろのろ,N3,交通
順々に,じゅんじゅんに,N3,仕事
手軽,てがる,N3,食べ物
手頃,てごろ,N3,買い物
質素,しっそ,N3,家
暮らし,くらし,N3,家
家計,かけい,N3,家
無駄遣い,むだづかい,N3,買い物
借金,しゃっきん,N3,社会
値下げ,ねさげ,N3,買い物
盗む,ぬすむ,N3,社会
安全性,あんぜんせい,N3,社会
危険性,きけんせい,N3,社会
事故防止,じこぼうし,N3,仕事
投票,とうひょう,N3,社会
住民,じゅうみん,N3,社会
地方,ちほう,N3,社会
水道代,すいどうだい,N3,家
無事,ぶじ,N3,交通
出迎える,でむかえる,N3,交通
宿,やど,N3,交通
一晩,ひとばん,N3,時間
日帰り,ひがえり,N3,趣味
伝える,つたえる,N4,動作
届ける,とどける,N4,動作
預ける,あずける,N4,動作
片付ける,かたづける,N4,動作
集める,あつめる,N4,動作
集まる,あつまる,N4,動作
調べる,しらべる,N4,動作
比べる,くらべる,N4,動作
続く,つづく,N4,動作
決まる,きまる,N4,動作
変わる,かわる,N4,動作
変える,かえる,N4,動作
直す,なおす,N4,動作
直る,なおる,N4,動作
治る,なおる,N4,体
育てる,そだてる,N4,動作
育つ,そだつ,N4,動作
植える,うえる,N4,動作
割れる,われる,N4,動作
割る,わる,N4,動作
壊れる,こわれる,N4,動作
壊す,こわす,N4,動作
汚れる,よごれる,N4,動作
乾く,かわく,N4,動作
濡れる,ぬれる,N4,動作
燃える,もえる,N4,動作
冷える,ひえる,N4,動作
冷やす,ひやす,N4,動作
温める,あたためる,N4,動作
沸く,わく,N4,動作
混ぜる,まぜる,N4,動作
包む,つつむ,N4,動作
結ぶ,むすぶ,N4,動作
貼る,はる,N4,動作
塗る,ぬる,N4,動作
通う,かよう,N4,動作
通る,とおる,N4,動作
過ぎる,すぎる,N4,動作
進む,すすむ,N4,動作
戻る,もどる,N4,動作
戻す,もどす,N4,動作
寄る,よる,N4,動作
離れる,はなれる,N4,動作
別れる,わかれる,N4,動作
迎える,むかえる,N4,動作
訪ねる,たずねる,N4,動作
考える,かんがえる,N4,動作
感じる,かんじる,N4,動作
信じる,しんじる,N4,動作
足りる,たりる,N4,動作
残る,のこる,N4,動作
残す,のこす,N4,動作
増える,ふえる,N4,動作
減る,へる,N4,動作
勤める,つとめる,N4,仕事
辞める,やめる,N4,仕事
売れる,うれる,N4,仕事
申し込む,もうしこむ,N4,仕事
支払う,しはらう,N4,仕事
貯める,ためる,N4,仕事
運ぶ,はこぶ,N4,動作
乗り換える,のりかえる,N4,交通
間に合う,まにあう,N4,交通
遅れる,おくれる,N4,交通
止む,やむ,N4,自然
聞こえる,きこえる,N4,動作
見える,みえる,N4,動作
見つかる,みつかる,N4,動作
起こす,おこす,N4,動作
起こる,おこる,N4,動作
倒れる,たおれる,N4,動作
知らせる,しらせる,N4,動作
取り替える,とりかえる,N4,動作
生きる,いきる,N4,動作
眠る,ねむる,N4,動作
太る,ふとる,N4,体
痩せる,やせる,N4,体
似る,にる,N4,動作
違う,ちがう,N4,動作
合う,あう,N4,動作
間違える,まちがえる,N4,動作
案内する,あんないする,N4,動作
紹介する,しょうかいする,N4,動作
招待する,しょうたいする,N4,動作
報告する,ほうこくする,N4,仕事
相談する,そうだんする,N4,仕事
注意する,ちゅういする,N4,動作
心配する,しんぱいする,N4,動作
安心する,あんしんする,N4,動作
我慢する,がまんする,N4,動作
遠慮する,えんりょする,N4,動作
賛成する,さんせいする,N4,仕事
反対する,はんたいする,N4,仕事
注文する,ちゅうもんする,N4,買い物
予約する,よやくする,N4,買い物
用意する,よういする,N4,仕事
確認する,かくにんする,N4,仕事
出席する,しゅっせきする,N4,仕事
欠席する,けっせきする,N4,学校
参加する,さんかする,N4,趣味
遅刻する,ちこくする,N4,学校
利用する,りようする,N4,交通
経験する,けいけんする,N4,仕事
生活する,せいかつする,N4,仕事
卒業する,そつぎょうする,N4,学校
入学する,にゅうがくする,N4,学校
合格する,ごうかくする,N4,学校
失敗する,しっぱいする,N4,仕事
成功する,せいこうする,N4,仕事
復習する,ふくしゅうする,N4,学校
予習する,よしゅうする,N4,学校
運動する,うんどうする,N4,体
運転する,うんてんする,N4,交通
説明する,せつめいする,N4,学校
返事する,へんじする,N4,仕事
引っ越す,ひっこす,N4,家
泊まる,とまる,N4,交通
知り合う,しりあう,N4,人
付き合う,つきあう,N4,人
手伝い,てつだい,N4,家
開始する,かいしする,N4,仕事
終了する,しゅうりょうする,N4,仕事
到着する,とうちゃくする,N4,交通
出発する,しゅっぱつする,N4,交通
連絡する,れんらくする,N4,仕事
訪問する,ほうもんする,N4,仕事
研究する,けんきゅうする,N4,学校
翻訳する,ほんやくする,N4,仕事
就職する,しゅうしょくする,N4,仕事
退院する,たいいんする,N4,体
入院する,にゅういんする,N4,体
怪我する,けがする,N4,体
覚める,さめる,N4,体
諦める,あきらめる,N4,動作
努力する,どりょくする,N4,学校
喜び,よろこび,N4,様子
驚き,おどろき,N4,様子
眺める,ながめる,N4,動作
数える,かぞえる,N4,動作
計算する,けいさんする,N4,仕事
測る,はかる,N4,体
曲げる,まげる,N4,動作
投げる,なげる,N4,動作
打つ,うつ,N4,動作
踏む,ふむ,N4,動作
押さえる,おさえる,N4,動作
引っ張る,ひっぱる,N4,動作
叫ぶ,さけぶ,N4,動作
黙る,だまる,N4,動作
転ぶ,ころぶ,N4,動作
滑る,すべる,N4,動作
渡す,わたす,N4,動作
社会,しゃかい,N4,社会
経済,けいざい,N4,社会
政治,せいじ,N4,社会
文化,ぶんか,N4,社会
歴史,れきし,N4,社会
科学,かがく,N4,社会
技術,ぎじゅつ,N4,仕事
教育,きょういく,N4,社会
法律,ほうりつ,N4,社会
規則,きそく,N4,仕事
戦争,せんそう,N4,社会
平和,へいわ,N4,社会
環境,かんきょう,N4,社会
自然,しぜん,N4,自然
人口,じんこう,N4,社会
仕組み,しくみ,N4,仕事
会議室,かいぎしつ,N4,仕事
資料,しりょう,N4,仕事
書類,しょるい,N4,仕事
契約,けいやく,N4,仕事
取引先,とりひきさき,N4,仕事
営業,えいぎょう,N4,仕事
販売,はんばい,N4,仕事
商品,しょうひん,N4,仕事
製品,せいひん,N4,仕事
品物,しなもの,N4,買い物
値上げ,ねあげ,N4,買い物
割引,わりびき,N4,買い物
税金,ぜいきん,N4,買い物
給料,きゅうりょう,N4,仕事
貯金,ちょきん,N4,仕事
生活費,せいかつひ,N4,仕事
費用,ひよう,N4,仕事
予算,よさん,N4,仕事
計画,けいかく,N4,仕事
方法,ほうほう,N4,仕事
理由,りゆう,N4,仕事
原因,げんいん,N4,社会
結果,けっか,N4,学校
目的,もくてき,N4,仕事
内容,ないよう,N4,仕事
経験,けいけん,N4,仕事
能力,のうりょく,N4,学校
実力,じつりょく,N4,学校
習慣,しゅうかん,N4,様子
性格,せいかく,N4,人
気持ち,きもち,N4,様子
気分,きぶん,N4,体
意志,いし,N4,様子
興味,きょうみ,N4,様子
夢,ゆめ,N4,様子
希望,きぼう,N4,仕事
予定表,よていひょう,N4,仕事
締め切り,しめきり,N4,学校
期間,きかん,N4,仕事
以内,いない,N4,数
最近,さいきん,N4,時間
将来,しょうらい,N4,時間
昔,むかし,N4,時間
当時,とうじ,N4,時間
途中,とちゅう,N4,位置
場所,ばしょ,N4,位置
地域,ちいき,N4,位置
都会,とかい,N4,街
田舎,いなか,N4,街
島,しま,N4,自然
森,もり,N4,自然
湖,みずうみ,N4,自然
石,いし,N4,自然
砂,すな,N4,自然
波,なみ,N4,自然
台風,たいふう,N4,自然
地震,じしん,N4,自然
火事,かじ,N4,社会
事故,じこ,N4,社会
安全,あんぜん,N4,社会
危険,きけん,N4,社会
必要,ひつよう,N4,様子
重要,じゅうよう,N4,仕事
十分,じゅうぶん,N4,様子
完全,かんぜん,N4,様子
特別,とくべつ,N4,様子
自由,じゆう,N4,様子
丁寧,ていねい,N4,様子
真面目,まじめ,N4,様子
複雑,ふくざつ,N4,様子
適当,てきとう,N4,様子
熱心,ねっしん,N4,様子
残念,ざんねん,N4,様子
心配,しんぱい,N4,様子
無理,むり,N4,様子
確か,たしか,N4,様子
急,きゅう,N4,様子
楽,らく,N4,様子
苦手,にがて,N4,様子
得意,とくい,N4,様子
素敵,すてき,N4,様子
立派,りっぱ,N4,様子
詳しい,くわしい,N4,様子
正しい,ただしい,N4,様子
珍しい,めずらしい,N4,様子
厳しい,きびしい,N4,様子
恥ずかしい,はずかしい,N4,様子
寂しい,さびしい,N4,様子
悲しい,かなしい,N4,様子
怖い,こわい,N4,様子
優しさ,やさしさ,N4,様子
深い,ふかい,N4,様子
浅い,あさい,N4,様子
太い,ふとい,N4,様子
細い,ほそい,N4,様子
硬い,かたい,N4,様子
柔らかい,やわらかい,N4,様子
素晴らしい,すばらしい,N4,様子
景色,けしき,N4,自然
空気,くうき,N4,自然
温度,おんど,N4,自然
湿気,しっけ,N4,自然
匂い,におい,N4,様子
様子,ようす,N4,様子
形,かたち,N4,様子
大きさ,おおきさ,N4,数
長さ,ながさ,N4,数
重さ,おもさ,N4,数
数,かず,N4,数
量,りょう,N4,数
倍,ばい,N4,数
割合,わりあい,N4,数
以外,いがい,N4,数
全部,ぜんぶ,N4,数
一部,いちぶ,N4,数
両方,りょうほう,N4,数
片方,かたほう,N4,数
最も,もっとも,N4,副詞
必ず,かならず,N4,副詞
きっと,きっと,N4,副詞
多分,たぶん,N4,副詞
やはり,やはり,N4,副詞
やっと,やっと,N4,副詞
ずっと,ずっと,N4,副詞
急に,きゅうに,N4,副詞
特に,とくに,N4,副詞
実は,じつは,N4,副詞
例えば,たとえば,N4,副詞
しっかり,しっかり,N4,副詞
はっきり,はっきり,N4,副詞
だいたい,だいたい,N4,副詞
なるべく,なるべく,N4,副詞
さらに,さらに,N4,副詞
すっかり,すっかり,N4,副詞
それに,それに,N4,接続詞
ところで,ところで,N4,接続詞
つまり,つまり,N4,接続詞
または,または,N4,接続詞
すると,すると,N4,接続詞
駅員,えきいん,N4,人
看護師,かんごし,N4,人
教師,きょうし,N4,人
社員,しゃいん,N4,仕事
同僚,どうりょう,N4,仕事
上司,じょうし,N4,仕事
部下,ぶか,N4,仕事
客,きゃく,N4,仕事
隣人,りんじん,N4,人
知り合い,しりあい,N4,人
恋人,こいびと,N4,人
赤ちゃん,あかちゃん,N4,人
孫,まご,N4,人
親,おや,N4,人
親戚,しんせき,N4,人
住宅,じゅうたく,N4,家
建物,たてもの,N4,街
屋上,おくじょう,N4,街
廊下,ろうか,N4,学校
床,ゆか,N4,家
天井,てんじょう,N4,家
屋根,やね,N4,家
引き出し,ひきだし,N4,家
押入れ,おしいれ,N4,家
家具,かぐ,N4,家
道具,どうぐ,N4,仕事
はさみ,はさみ,N4,仕事
糸,いと,N4,家
針,はり,N4,家
電球,でんきゅう,N4,家
掃除機,そうじき,N4,家
洗濯機,せんたくき,N4,家
電子レンジ,でんしレンジ,N4,家
炊飯器,すいはんき,N4,家
包丁,ほうちょう,N4,家
鍋,なべ,N4,家
やかん,やかん,N4,家
お湯,おゆ,N4,家
味噌,みそ,N4,食べ物
豆腐,とうふ,N4,食べ物
油,あぶら,N4,食べ物
バター,バター,N4,食べ物
チーズ,チーズ,N4,食べ物
スープ,スープ,N4,食べ物
デザート,デザート,N4,食べ物
食欲,しょくよく,N4,体
栄養,えいよう,N4,体
健康,けんこう,N4,体
体温,たいおん,N4,体
血,ち,N4,体
骨,ほね,N4,体
腕,うで,N4,体
胸,むね,N4,体
腹,はら,N4,体
膝,ひざ,N4,体
肩,かた,N4,体
怪我,けが,N4,体
注射,ちゅうしゃ,N4,体
手術,しゅじゅつ,N4,体
診察,しんさつ,N4,体
薬局,やっきょく,N4,街
歯医者,はいしゃ,N4,街
美容院,びよういん,N4,街
床屋,とこや,N4,街
本屋,ほんや,N4,街
八百屋,やおや,N4,街
喫茶店,きっさてん,N4,街
食堂,しょくどう,N4,街
売り場,うりば,N4,買い物
店長,てんちょう,N4,仕事
レシート,レシート,N4,買い物
返品,へんぴん,N4,買い物
注文,ちゅうもん,N4,買い物
配達,はいたつ,N4,買い物
送料,そうりょう,N4,買い物
現金,げんきん,N4,買い物
小銭,こぜに,N4,買い物
通帳,つうちょう,N4,仕事
口座,こうざ,N4,仕事
郵便,ゆうびん,N4,街
小包,こづつみ,N4,街
荷造り,にづくり,N4,家
引っ越し,ひっこし,N4,家
掃除当番,そうじとうばん,N4,学校
宿泊,しゅくはく,N4,交通
観光,かんこう,N4,趣味
見物,けんぶつ,N4,趣味
名所,めいしょ,N4,趣味
土産,みやげ,N4,趣味
記念,きねん,N4,趣味
行事,ぎょうじ,N4,学校
式,しき,N4,学校
演奏,えんそう,N4,趣味
作品,さくひん,N4,趣味
小説,しょうせつ,N4,趣味
漫画,まんが,N4,趣味
番組,ばんぐみ,N4,趣味
放送,ほうそう,N4,趣味
広告,こうこく,N4,仕事
情報,じょうほう,N4,仕事
通信,つうしん,N4,仕事
電源,でんげん,N4,仕事
画面,がめん,N4,仕事
操作,そうさ,N4,仕事
故障,こしょう,N4,仕事
修理,しゅうり,N4,仕事
点検,てんけん,N4,仕事
工事,こうじ,N4,仕事
作業,さぎょう,N4,仕事
手順,てじゅん,N4,仕事
注意事項,ちゅういじこう,N4,仕事
許可,きょか,N4,仕事
禁止,きんし,N4,社会
規則正しい,きそくただしい,N4,体
公共,こうきょう,N4,社会
市民,しみん,N4,社会
施設,しせつ,N4,社会
制度,せいど,N4,社会
組織,そしき,N4,仕事
責任,せきにん,N4,仕事
義務,ぎむ,N4,社会
権利,けんり,N4,社会
意識,いしき,N4,社会
関係,かんけい,N4,社会
影響,えいきょう,N4,社会
変化,へんか,N4,社会
発展,はってん,N4,社会
問題点,もんだいてん,N4,仕事
解決,かいけつ,N4,仕事
効果,こうか,N4,体
調子,ちょうし,N4,体
状態,じょうたい,N4,社会
場合,ばあい,N4,様子
点,てん,N4,学校
線,せん,N4,交通
表,ひょう,N4,仕事
図,ず,N4,仕事
文章,ぶんしょう,N4,学校
文法,ぶんぽう,N4,学校
発音,はつおん,N4,学校
会話,かいわ,N4,学校
翻訳,ほんやく,N4,学校
辞書引き,じしょびき,N4,学校
機会,きかい,N4,様子
用意,ようい,N4,仕事
支度,したく,N4,家
留守番,るすばん,N4,家
世話,せわ,N4,家
努力,どりょく,N4,学校
済む,すむ,N4,動作
過ごす,すごす,N4,動作
暮らす,くらす,N4,動作
見送る,みおくる,N4,動作
誘う,さそう,N4,動作
断る,ことわる,N4,動作
許す,ゆるす,N4,動作
助ける,たすける,N4,動作
守る,まもる,N4,動作
込む,こむ,N4,交通
空く,すく,N4,体
余る,あまる,N4,動作
足す,たす,N4,動作
配る,くばる,N4,動作
任せる,まかせる,N4,仕事
引き受ける,ひきうける,N4,仕事
済ませる,すませる,N4,動作
閉じる,とじる,N4,動作
折る,おる,N4,動作
抜く,ぬく,N4,体
刺す,さす,N4,自然
掛ける,かける,N4,動作
掛かる,かかる,N4,家
付ける,つける,N4,動作
付く,つく,N4,食べ物
包丁研ぎ,ほうちょうとぎ,N4,家
沈む,しずむ,N4,自然
昇る,のぼる,N4,自然
咲く,さく,N4,自然
枯れる,かれる,N4,自然
流れる,ながれる,N4,自然
照る,てる,N4,自然
太陽,たいよう,N4,自然
日光,にっこう,N4,自然
影,かげ,N4,自然
雲,くも,N4,自然
霧,きり,N4,自然
雷,かみなり,N4,自然
天候,てんこう,N4,自然
季節,きせつ,N4,時間
気候,きこう,N4,自然
植物,しょくぶつ,N4,自然
昆虫,こんちゅう,N4,自然
牛,うし,N4,自然
馬,うま,N4,自然
羽,はね,N4,自然
卵焼き,たまごやき,N4,食べ物
焼き魚,やきざかな,N4,食べ物
刺身,さしみ,N4,食べ物
寿司,すし,N4,食べ物
定食,ていしょく,N4,食べ物
外食,がいしょく,N4,食べ物
食料品,しょくりょうひん,N4,買い物
日用品,にちようひん,N4,買い物
衣類,いるい,N4,買い物
下着,したぎ,N4,買い物
手袋,てぶくろ,N4,買い物
靴下,くつした,N4,買い物
指輪,ゆびわ,N4,買い物
荷札,にふだ,N4,交通
座席,ざせき,N4,交通
通路,つうろ,N4,交通
往復,おうふく,N4,交通
片道,かたみち,N4,交通
特急,とっきゅう,N4,交通
各駅,かくえき,N4,交通
時刻表,じこくひょう,N4,交通
渋滞,じゅうたい,N4,交通
高速道路,こうそくどうろ,N4,交通
歩道,ほどう,N4,交通
線路,せんろ,N4,交通
改札,かいさつ,N4,交通
待ち合わせ,まちあわせ,N4,交通
迷子,まいご,N4,街
忘れ物,わすれもの,N4,交通
落とし物,おとしもの,N4,街
泥棒,どろぼう,N4,社会
事件,じけん,N4,社会
避難,ひなん,N4,社会
救急車,きゅうきゅうしゃ,N4,社会
消防車,しょうぼうしゃ,N4,社会
非常口,ひじょうぐち,N4,社会
注意深い,ちゅういぶかい,N4,様子
うるさい,うるさい,N4,様子
眩しい,まぶしい,N4,様子
苦い,にがい,N4,食べ物
酸っぱい,すっぱい,N4,食べ物
塩辛い,しおからい,N4,食べ物
薄い,うすい,N4,様子
濃い,こい,N4,様子
丸い,まるい,N4,様子
平ら,たいら,N4,様子
急ぎ,いそぎ,N4,仕事
暖かさ,あたたかさ,N4,自然
美しい,うつくしい,N4,様子
かわいい,かわいい,N4,様子
賑やか,にぎやか,N4,様子
派手,はで,N4,様子
地味,じみ,N4,様子
変,へん,N4,様子
不思議,ふしぎ,N4,様子
当たり前,あたりまえ,N4,様子
面倒,めんどう,N4,様子
退屈,たいくつ,N4,様子
満足,まんぞく,N4,様子
不安,ふあん,N4,様子
迷惑,めいわく,N4,様子
失礼,しつれい,N4,様子
熱中,ねっちゅう,N4,趣味
人気,にんき,N4,仕事
評判,ひょうばん,N4,仕事
感想,かんそう,N4,学校
礼,れい,N4,人
挨拶,あいさつ,N4,人
敬語,けいご,N4,学校
言い方,いいかた,N4,学校
使い方,つかいかた,N4,仕事
作り方,つくりかた,N4,食べ物
読み方,よみかた,N4,学校
書き方,かきかた,N4,学校
考え方,かんがえかた,N4,様子
生き方,いきかた,N4,様子
結局,けっきょく,N4,副詞
一度に,いちどに,N4,副詞
だんだん,だんだん,N4,副詞
そろそろ,そろそろ,N4,副詞
ほとんど,ほとんど,N4,副詞
かなり,かなり,N4,副詞
わざわざ,わざわざ,N4,副詞
うっかり,うっかり,N4,副詞
ちゃんと,ちゃんと,N4,副詞
きちんと,きちんと,N4,副詞
次々,つぎつぎ,N4,副詞
たまに,たまに,N4,副詞
いつのまにか,いつのまにか,N4,副詞
もちろん,もちろん,N4,副詞
確かに,たしかに,N4,副詞
特徴,とくちょう,N4,仕事
種類,しゅるい,N4,買い物
順番,じゅんばん,N4,様子
申し込み,もうしこみ,N4,仕事
面接,めんせつ,N4,仕事
履歴書,りれきしょ,N4,仕事
求人,きゅうじん,N4,仕事
残業,ざんぎょう,N4,仕事
休憩,きゅうけい,N4,仕事
出張,しゅっちょう,N4,仕事
転勤,てんきん,N4,仕事
昇進,しょうしん,N4,仕事
退職,たいしょく,N4,仕事
名字,みょうじ,N4,人
年齢,ねんれい,N4,人
性別,せいべつ,N4,人
国籍,こくせき,N4,人
身分証,みぶんしょう,N4,仕事
用紙,ようし,N4,仕事
印,しるし,N4,仕事
判子,はんこ,N4,仕事
署名,しょめい,N4,仕事
提出,ていしゅつ,N4,学校
締切,しめきり,N4,仕事
参考,さんこう,N4,仕事
確実,かくじつ,N4,様子
正確,せいかく,N4,様子
具体的,ぐたいてき,N4,様子
一般的,いっぱんてき,N4,様子
個人的,こじんてき,N4,様子
会議,かいぎ,N5,仕事
仕事,しごと,N5,仕事
会社,かいしゃ,N5,仕事
社長,しゃちょう,N5,仕事
部長,ぶちょう,N5,仕事
名前,なまえ,N5,仕事
電話,でんわ,N5,仕事
手紙,てがみ,N5,仕事
紙,かみ,N5,仕事
本,ほん,N5,学校
新聞,しんぶん,N5,学校
辞書,じしょ,N5,学校
学校,がっこう,N5,学校
先生,せんせい,N5,学校
学生,がくせい,N5,学校
教室,きょうしつ,N5,学校
宿題,しゅくだい,N5,学校
試験,しけん,N5,学校
質問,しつもん,N5,学校
言葉,ことば,N5,学校
時間,じかん,N5,時間
今日,きょう,N5,時間
明日,あした,N5,時間
昨日,きのう,N5,時間
毎日,まいにち,N5,時間
朝,あさ,N5,時間
昼,ひる,N5,時間
夜,よる,N5,時間
午前,ごぜん,N5,時間
午後,ごご,N5,時間
今週,こんしゅう,N5,時間
来年,らいねん,N5,時間
去年,きょねん,N5,時間
誕生日,たんじょうび,N5,時間
家,いえ,N5,家
部屋,へや,N5,家
台所,だいどころ,N5,家
風呂,ふろ,N5,家
窓,まど,N5,家
椅子,いす,N5,家
机,つくえ,N5,家
冷蔵庫,れいぞうこ,N5,家
洗濯,せんたく,N5,家
掃除,そうじ,N5,家
電気,でんき,N5,家
水,みず,N5,食べ物
お茶,おちゃ,N5,食べ物
ご飯,ごはん,N5,食べ物
肉,にく,N5,食べ物
魚,さかな,N5,食べ物
野菜,やさい,N5,食べ物
果物,くだもの,N5,食べ物
卵,たまご,N5,食べ物
店,みせ,N5,買い物
お金,おかね,N5,買い物
値段,ねだん,N5,買い物
切符,きっぷ,N5,買い物
荷物,にもつ,N5,買い物
服,ふく,N5,買い物
靴,くつ,N5,買い物
駅,えき,N5,交通
電車,でんしゃ,N5,交通
自転車,じてんしゃ,N5,交通
道,みち,N5,交通
病院,びょういん,N5,街
銀行,ぎんこう,N5,街
郵便局,ゆうびんきょく,N5,街
公園,こうえん,N5,街
天気,てんき,N5,自然
雨,あめ,N5,自然
雪,ゆき,N5,自然
山,やま,N5,自然
川,かわ,N5,自然
友達,ともだち,N5,人
家族,かぞく,N5,人
子ども,こども,N5,人
母,はは,N5,人
父,ちち,N5,人
体,からだ,N5,人
食べる,たべる,N5,動作
飲む,のむ,N5,動作
行く,いく,N5,動作
来る,くる,N5,動作
見る,みる,N5,動作
聞く,きく,N5,動作
話す,はなす,N5,動作
読む,よむ,N5,動作
書く,かく,N5,動作
買う,かう,N5,動作
始まる,はじまる,N5,動作
終わる,おわる,N5,動作
働く,はたらく,N5,動作
待つ,まつ,N5,動作
覚える,おぼえる,N5,動作
高い,たかい,N5,様子
忙しい,いそがしい,N5,様子
楽しい,たのしい,N5,様子
新しい,あたらしい,N5,様子
便利,べんり,N5,様子
静か,しずか,N5,様子
分かる,わかる,N5,動作
知る,しる,N5,動作
思う,おもう,N5,動作
言う,いう,N5,動作
帰る,かえる,N5,動作
乗る,のる,N5,動作
降りる,おりる,N5,動作
歩く,あるく,N5,動作
走る,はしる,N5,動作
泳ぐ,およぐ,N5,動作
遊ぶ,あそぶ,N5,動作
休む,やすむ,N5,動作
作る,つくる,N5,動作
使う,つかう,N5,動作
売る,うる,N5,動作
貸す,かす,N5,動作
借りる,かりる,N5,動作
返す,かえす,N5,動作
払う,はらう,N5,動作
送る,おくる,N5,動作
届く,とどく,N5,動作
開ける,あける,N5,動作
閉める,しめる,N5,動作
開く,あく,N5,動作
閉まる,しまる,N5,動作
つける,つける,N5,動作
消す,けす,N5,動作
起きる,おきる,N5,動作
寝る,ねる,N5,動作
着る,きる,N5,動作
脱ぐ,ぬぐ,N5,動作
履く,はく,N5,動作
浴びる,あびる,N5,動作
洗う,あらう,N5,動作
磨く,みがく,N5,動作
切る,きる,N5,動作
焼く,やく,N5,動作
煮る,にる,N5,動作
教える,おしえる,N5,動作
習う,ならう,N5,動作
勉強する,べんきょうする,N5,動作
練習する,れんしゅうする,N5,動作
忘れる,わすれる,N5,動作
答える,こたえる,N5,動作
見せる,みせる,N5,動作
探す,さがす,N5,動作
見つける,みつける,N5,動作
手伝う,てつだう,N5,動作
呼ぶ,よぶ,N5,動作
会う,あう,N5,動作
急ぐ,いそぐ,N5,動作
迷う,まよう,N5,動作
曲がる,まがる,N5,動作
渡る,わたる,N5,動作
止まる,とまる,N5,動作
止める,とめる,N5,動作
座る,すわる,N5,動作
立つ,たつ,N5,動作
入る,はいる,N5,動作
出る,でる,N5,動作
出す,だす,N5,動作
置く,おく,N5,動作
持つ,もつ,N5,動作
取る,とる,N5,動作
撮る,とる,N5,動作
落ちる,おちる,N5,動作
落とす,おとす,N5,動作
拾う,ひろう,N5,動作
捨てる,すてる,N5,動作
並ぶ,ならぶ,N5,動作
並べる,ならべる,N5,動作
押す,おす,N5,動作
引く,ひく,N5,動作
選ぶ,えらぶ,N5,動作
決める,きめる,N5,動作
始める,はじめる,N5,動作
続ける,つづける,N5,動作
やめる,やめる,N5,動作
頑張る,がんばる,N5,動作
困る,こまる,N5,動作
疲れる,つかれる,N5,動作
慣れる,なれる,N5,動作
生まれる,うまれる,N5,動作
住む,すむ,N5,動作
死ぬ,しぬ,N5,動作
降る,ふる,N5,自然
吹く,ふく,N5,自然
晴れる,はれる,N5,自然
曇る,くもる,N5,自然
光る,ひかる,N5,自然
鳴く,なく,N5,自然
飛ぶ,とぶ,N5,自然
泣く,なく,N5,動作
笑う,わらう,N5,動作
怒る,おこる,N5,動作
驚く,おどろく,N5,動作
喜ぶ,よろこぶ,N5,動作
頼む,たのむ,N5,動作
安い,やすい,N5,様子
大きい,おおきい,N5,様子
小さい,ちいさい,N5,様子
多い,おおい,N5,様子
少ない,すくない,N5,様子
長い,ながい,N5,様子
短い,みじかい,N5,様子
広い,ひろい,N5,様子
狭い,せまい,N5,様子
重い,おもい,N5,様子
軽い,かるい,N5,様子
強い,つよい,N5,様子
弱い,よわい,N5,様子
暑い,あつい,N5,様子
寒い,さむい,N5,様子
暖かい,あたたかい,N5,様子
涼しい,すずしい,N5,様子
熱い,あつい,N5,様子
冷たい,つめたい,N5,様子
おいしい,おいしい,N5,様子
甘い,あまい,N5,様子
辛い,からい,N5,様子
早い,はやい,N5,様子
速い,はやい,N5,様子
遅い,おそい,N5,様子
近い,ちかい,N5,様子
遠い,とおい,N5,様子
明るい,あかるい,N5,様子
暗い,くらい,N5,様子
優しい,やさしい,N5,様子
面白い,おもしろい,N5,様子
つまらない,つまらない,N5,様子
難しい,むずかしい,N5,様子
若い,わかい,N5,様子
古い,ふるい,N5,様子
汚い,きたない,N5,様子
白い,しろい,N5,色
黒い,くろい,N5,色
赤い,あかい,N5,色
青い,あおい,N5,色
痛い,いたい,N5,様子
眠い,ねむい,N5,様子
嬉しい,うれしい,N5,様子
有名,ゆうめい,N5,様子
親切,しんせつ,N5,様子
元気,げんき,N5,様子
大変,たいへん,N5,様子
大切,たいせつ,N5,様子
簡単,かんたん,N5,様子
上手,じょうず,N5,様子
下手,へた,N5,様子
暇,ひま,N5,様子
きれい,きれい,N5,様子
コーヒー,コーヒー,N5,食べ物
パン,パン,N5,食べ物
ケーキ,ケーキ,N5,食べ物
アイスクリーム,アイスクリーム,N5,食べ物
ジュース,ジュース,N5,食べ物
ビール,ビール,N5,食べ物
ミルク,ミルク,N5,食べ物
サラダ,サラダ,N5,食べ物
カレー,カレー,N5,食べ物
ラーメン,ラーメン,N5,食べ物
テレビ,テレビ,N5,家
ラジオ,ラジオ,N5,家
パソコン,パソコン,N5,仕事
カメラ,カメラ,N5,買い物
エアコン,エアコン,N5,家
シャワー,シャワー,N5,家
トイレ,トイレ,N5,家
ドア,ドア,N5,家
テーブル,テーブル,N5,家
ベッド,ベッド,N5,家
ホテル,ホテル,N5,街
レストラン,レストラン,N5,街
コンビニ,コンビニ,N5,街
スーパー,スーパー,N5,街
デパート,デパート,N5,街
バス,バス,N5,交通
タクシー,タクシー,N5,交通
エレベーター,エレベーター,N5,街
アパート,アパート,N5,家
シャツ,シャツ,N5,買い物
コート,コート,N5,買い物
ズボン,ズボン,N5,買い物
ネクタイ,ネクタイ,N5,買い物
セーター,セーター,N5,買い物
ハンカチ,ハンカチ,N5,買い物
ペン,ペン,N5,学校
ノート,ノート,N5,学校
カレンダー,カレンダー,N5,仕事
ボタン,ボタン,N5,仕事
カード,カード,N5,買い物
メール,メール,N5,仕事
ニュース,ニュース,N5,仕事
スポーツ,スポーツ,N5,趣味
サッカー,サッカー,N5,趣味
テニス,テニス,N5,趣味
ピアノ,ピアノ,N5,趣味
ギター,ギター,N5,趣味
プール,プール,N5,趣味
パーティー,パーティー,N5,趣味
クラス,クラス,N5,学校
テスト,テスト,N5,学校
アルバイト,アルバイト,N5,仕事
ページ,ページ,N5,学校
頭,あたま,N5,体
顔,かお,N5,体
目,め,N5,体
耳,みみ,N5,体
口,くち,N5,体
鼻,はな,N5,体
手,て,N5,体
足,あし,N5,体
指,ゆび,N5,体
歯,は,N5,体
髪,かみ,N5,体
首,くび,N5,体
背中,せなか,N5,体
兄,あに,N5,人
姉,あね,N5,人
弟,おとうと,N5,人
妹,いもうと,N5,人
祖父,そふ,N5,人
祖母,そぼ,N5,人
両親,りょうしん,N5,人
夫,おっと,N5,人
妻,つま,N5,人
息子,むすこ,N5,人
娘,むすめ,N5,人
男,おとこ,N5,人
女,おんな,N5,人
大人,おとな,N5,人
外国人,がいこくじん,N5,人
留学生,りゅうがくせい,N5,人
医者,いしゃ,N5,人
店員,てんいん,N5,人
運転手,うんてんしゅ,N5,人
空港,くうこう,N5,街
図書館,としょかん,N5,街
映画館,えいがかん,N5,街
大学,だいがく,N5,学校
高校,こうこう,N5,学校
小学校,しょうがっこう,N5,学校
事務所,じむしょ,N5,仕事
入口,いりぐち,N5,街
出口,でぐち,N5,街
隣,となり,N5,位置
間,あいだ,N5,位置
上,うえ,N5,位置
下,した,N5,位置
右,みぎ,N5,位置
左,ひだり,N5,位置
前,まえ,N5,位置
後ろ,うしろ,N5,位置
中,なか,N5,位置
外,そと,N5,位置
近く,ちかく,N5,位置
月曜日,げつようび,N5,時間
火曜日,かようび,N5,時間
水曜日,すいようび,N5,時間
木曜日,もくようび,N5,時間
金曜日,きんようび,N5,時間
土曜日,どようび,N5,時間
日曜日,にちようび,N5,時間
週末,しゅうまつ,N5,時間
今月,こんげつ,N5,時間
来月,らいげつ,N5,時間
先月,せんげつ,N5,時間
先週,せんしゅう,N5,時間
来週,らいしゅう,N5,時間
今年,ことし,N5,時間
毎週,まいしゅう,N5,時間
毎月,まいつき,N5,時間
毎年,まいとし,N5,時間
番号,ばんごう,N5,仕事
半分,はんぶん,N5,数
一つ,ひとつ,N5,数
二つ,ふたつ,N5,数
一人,ひとり,N5,数
二人,ふたり,N5,数
とても,とても,N5,副詞
たくさん,たくさん,N5,副詞
少し,すこし,N5,副詞
いつも,いつも,N5,副詞
よく,よく,N5,副詞
まだ,まだ,N5,副詞
もう,もう,N5,副詞
ちょっと,ちょっと,N5,副詞
すぐ,すぐ,N5,副詞
ゆっくり,ゆっくり,N5,副詞
ぜんぜん,ぜんぜん,N5,副詞
あまり,あまり,N5,副詞
たいてい,たいてい,N5,副詞
また,また,N5,副詞
もっと,もっと,N5,副詞
いちばん,いちばん,N5,副詞
ときどき,ときどき,N5,副詞
何,なに,N5,疑問詞
誰,だれ,N5,疑問詞
どこ,どこ,N5,疑問詞
いつ,いつ,N5,疑問詞
どう,どう,N5,疑問詞
どれ,どれ,N5,疑問詞
いくら,いくら,N5,疑問詞
いくつ,いくつ,N5,疑問詞
どんな,どんな,N5,疑問詞
傘,かさ,N5,持ち物
鍵,かぎ,N5,持ち物
財布,さいふ,N5,持ち物
時計,とけい,N5,持ち物
眼鏡,めがね,N5,持ち物
帽子,ぼうし,N5,持ち物
かばん,かばん,N5,持ち物
箱,はこ,N5,持ち物
袋,ふくろ,N5,持ち物
皿,さら,N5,家
コップ,コップ,N5,家
箸,はし,N5,家
スプーン,スプーン,N5,家
ナイフ,ナイフ,N5,家
鏡,かがみ,N5,家
写真,しゃしん,N5,趣味
絵,え,N5,趣味
地図,ちず,N5,持ち物
雑誌,ざっし,N5,趣味
切手,きって,N5,街
封筒,ふうとう,N5,仕事
鉛筆,えんぴつ,N5,学校
消しゴム,けしゴム,N5,学校
庭,にわ,N5,家
門,もん,N5,家
階段,かいだん,N5,家
壁,かべ,N5,家
棚,たな,N5,家
米,こめ,N5,食べ物
砂糖,さとう,N5,食べ物
塩,しお,N5,食べ物
醤油,しょうゆ,N5,食べ物
牛乳,ぎゅうにゅう,N5,食べ物
お酒,おさけ,N5,食べ物
氷,こおり,N5,食べ物
弁当,べんとう,N5,食べ物
料理,りょうり,N5,食べ物
食事,しょくじ,N5,食べ物
食べ物,たべもの,N5,食べ物
飲み物,のみもの,N5,食べ物
朝ご飯,あさごはん,N5,食べ物
昼ご飯,ひるごはん,N5,食べ物
晩ご飯,ばんごはん,N5,食べ物
お菓子,おかし,N5,食べ物
風,かぜ,N5,自然
空,そら,N5,自然
星,ほし,N5,自然
月,つき,N5,自然
海,うみ,N5,自然
木,き,N5,自然
花,はな,N5,自然
草,くさ,N5,自然
鳥,とり,N5,自然
犬,いぬ,N5,自然
猫,ねこ,N5,自然
動物,どうぶつ,N5,自然
虫,むし,N5,自然
色,いろ,N5,色
音,おと,N5,様子
声,こえ,N5,様子
味,あじ,N5,食べ物
授業,じゅぎょう,N5,学校
教科書,きょうかしょ,N5,学校
漢字,かんじ,N5,学校
字,じ,N5,学校
意味,いみ,N5,学校
問題,もんだい,N5,学校
答え,こたえ,N5,学校
話,はなし,N5,様子
物,もの,N5,様子
所,ところ,N5,位置
次,つぎ,N5,位置
最初,さいしょ,N5,位置
最後,さいご,N5,位置
三つ,みっつ,N5,数
四つ,よっつ,N5,数
五つ,いつつ,N5,数
一枚,いちまい,N5,数
一冊,いっさつ,N5,数
一本,いっぽん,N5,数
一回,いっかい,N5,数
おはよう,おはよう,N5,あいさつ
こんにちは,こんにちは,N5,あいさつ
こんばんは,こんばんは,N5,あいさつ
さようなら,さようなら,N5,あいさつ
ありがとう,ありがとう,N5,あいさつ
すみません,すみません,N5,あいさつ
ごめんなさい,ごめんなさい,N5,あいさつ
はじめまして,はじめまして,N5,あいさつ
おやすみなさい,おやすみなさい,N5,あいさつ
いただきます,いただきます,N5,あいさつ
ごちそうさま,ごちそうさま,N5,あいさつ
いらっしゃいませ,いらっしゃいませ,N5,あいさつ
失礼します,しつれいします,N5,あいさつ
そして,そして,N5,接続詞
それから,それから,N5,接続詞
でも,でも,N5,接続詞
しかし,しかし,N5,接続詞
だから,だから,N5,接続詞
では,では,N5,接続詞
散歩,さんぽ,N5,趣味
旅行,りょこう,N5,趣味
音楽,おんがく,N5,趣味
映画,えいが,N5,趣味
歌,うた,N5,趣味
買い物,かいもの,N5,買い物
病気,びょうき,N5,体
風邪,かぜ,N5,体
薬,くすり,N5,体
熱,ねつ,N5,体
元,もと,N5,位置
国,くに,N5,街
町,まち,N5,街
村,むら,N5,街
世界,せかい,N5,街
地下鉄,ちかてつ,N5,交通
飛行機,ひこうき,N5,交通
車,くるま,N5,交通
船,ふね,N5,交通
席,せき,N5,交通
旅館,りょかん,N5,街
部屋代,へやだい,N5,買い物
電気代,でんきだい,N5,買い物
仕方,しかた,N5,様子
用事,ようじ,N5,仕事
約束,やくそく,N5,仕事
予定,よてい,N5,仕事
準備,じゅんび,N5,仕事
説明,せつめい,N5,学校
返事,へんじ,N5,仕事
意見,いけん,N5,仕事
銀行員,ぎんこういん,N5,人
会社員,かいしゃいん,N5,人
友人,ゆうじん,N5,人
自分,じぶん,N5,人
みんな,みんな,N5,人
皆さん,みなさん,N5,人
ある,ある,N5,動作
いる,いる,N5,動作
なる,なる,N5,動作
できる,できる,N5,動作
かかる,かかる,N5,動作
あげる,あげる,N5,動作
くれる,くれる,N5,動作
もらう,もらう,N5,動作
着く,つく,N5,動作
出かける,でかける,N5,動作
住所,じゅうしょ,N5,仕事
これ,これ,N5,指示
それ,それ,N5,指示
あれ,あれ,N5,指示
ここ,ここ,N5,指示
そこ,そこ,N5,指示
あそこ,あそこ,N5,指示
この,この,N5,指示
その,その,N5,指示
あの,あの,N5,指示
こちら,こちら,N5,指示
どちら,どちら,N5,疑問詞
どうして,どうして,N5,疑問詞
なぜ,なぜ,N5,疑問詞
今,いま,N5,時間
さっき,さっき,N5,時間
後で,あとで,N5,時間
これから,これから,N5,時間
一日,いちにち,N5,時間
夕方,ゆうがた,N5,時間
今朝,けさ,N5,時間
今晩,こんばん,N5,時間
春,はる,N5,時間
夏,なつ,N5,時間
秋,あき,N5,時間
冬,ふゆ,N5,時間
休み,やすみ,N5,時間
夏休み,なつやすみ,N5,時間
六つ,むっつ,N5,数
七つ,ななつ,N5,数
八つ,やっつ,N5,数
九つ,ここのつ,N5,数
十,とお,N5,数
百,ひゃく,N5,数
千,せん,N5,数
万,まん,N5,数
円,えん,N5,数
歳,さい,N5,数
時,じ,N5,数
分,ふん,N5,数
回,かい,N5,数
階,かい,N5,数
人,ひと,N5,人
方,かた,N5,人
若者,わかもの,N5,人
大勢,おおぜい,N5,人
自分たち,じぶんたち,N5,人
名刺,めいし,N5,仕事
受付,うけつけ,N5,仕事
部品,ぶひん,N5,仕事
機械,きかい,N5,仕事
工場,こうじょう,N5,仕事
店員さん,てんいんさん,N5,人
警察,けいさつ,N5,街
交番,こうばん,N5,街
市役所,しやくしょ,N5,街
神社,じんじゃ,N5,街
寺,てら,N5,街
橋,はし,N5,街
角,かど,N5,位置
信号,しんごう,N5,交通
横断歩道,おうだんほどう,N5,交通
駐車場,ちゅうしゃじょう,N5,交通
ガソリン,ガソリン,N5,交通
ホーム,ホーム,N5,交通
レジ,レジ,N5,買い物
セール,セール,N5,買い物
プレゼント,プレゼント,N5,買い物
シャンプー,シャンプー,N5,買い物
タオル,タオル,N5,買い物
スカート,スカート,N5,買い物
サイズ,サイズ,N5,買い物
レポート,レポート,N5,学校
ボールペン,ボールペン,N5,学校
辞典,じてん,N5,学校
日本語,にほんご,N5,学校
英語,えいご,N5,学校
中国語,ちゅうごくご,N5,学校
外国,がいこく,N5,街
日本,にほん,N5,街
東,ひがし,N5,位置
西,にし,N5,位置
南,みなみ,N5,位置
北,きた,N5,位置
そば,そば,N5,位置
向こう,むこう,N5,位置
辺り,あたり,N5,位置
うち,うち,N5,家
寝室,しんしつ,N5,家
居間,いま,N5,家
玄関,げんかん,N5,家
布団,ふとん,N5,家
枕,まくら,N5,家
石鹸,せっけん,N5,家
歯ブラシ,はブラシ,N5,家
電池,でんち,N5,家
ごみ,ごみ,N5,家
火,ひ,N5,家
雨戸,あまど,N5,家
暖房,だんぼう,N5,家
冷房,れいぼう,N5,家
温泉,おんせん,N5,趣味
祭り,まつり,N5,趣味
試合,しあい,N5,趣味
チケット,チケット,N5,趣味
趣味,しゅみ,N5,趣味
読書,どくしょ,N5,趣味
仕事場,しごとば,N5,仕事
連休,れんきゅう,N5,時間
正月,しょうがつ,N5,時間
誕生,たんじょう,N5,人
結婚,けっこん,N5,人
仕事中,しごとちゅう,N5,仕事
留守,るす,N5,家
荷物置き場,にもつおきば,N5,交通
番,ばん,N5,数
以上,いじょう,N5,数
以下,いか,N5,数
半,はん,N5,数
ほう,ほう,N5,様子
ため,ため,N5,様子
つもり,つもり,N5,様子
ぐらい,ぐらい,N5,数
だけ,だけ,N5,助詞
まで,まで,N5,助詞
から,から,N5,助詞
より,より,N5,助詞
へ,へ,N5,助詞
と,と,N5,助詞
も,も,N5,助詞
の,の,N5,助詞
か,か,N5,助詞
ね,ね,N5,助詞
よ,よ,N5,助詞
